sp,Dim.1,Dim.2,Dim.3,Dim.4,Dim.5,Dim.6,Dim.7
Allactaga_balikunica,-0.09376476400535827,-0.2546204584066246,0.3202299829474259,-0.09455061498061565,0.02095070407420025,0.05548397266002792,-3.367414127786171e-32
Allactaga_bullata,0.05385428854146062,-0.19672957026790372,0.3246368978444504,-0.08672543918688688,0.038775122505585256,0.05095979679180673,-7.78487920675559e-32
Allactaga_elater,-0.2782222822083984,-0.571299037926637,0.2972183809275549,-0.10994145733449394,0.09948635446297528,0.04974241375680256,2.485173847149906e-32
Allactaga_major,0.42663778435804833,-0.5929524270200166,0.14031667922376498,-0.11443275571850077,0.1708512776964345,0.03472032730728855,2.8303531741083694e-32
Allactaga_severtzovi,0.2944156740158783,-0.384449503887142,0.24949195216973868,-0.08473236802067725,0.043115323421621374,0.019730514504327723,5.753743333024284e-32
Allactaga_sibirica,0.05652987732909873,-0.28753672038472816,0.3060240652496186,-0.08146102248164087,0.06200766797252758,0.0432591847539926,-8.283206851009445e-32
Allactaga_vinogradovi,-0.08673023832521107,-0.5583941378832289,0.2862169544432701,-0.12125758067026038,0.07638567805598571,0.027057445493157375,3.362841469812086e-33
Allactaga_williamsi,0.043521970241541114,-0.5204900558154804,0.189305358802485,-0.05194721195406908,0.07630675399160117,2.3780319500698872e-4,1.1017635976434582e-33
Allactodipus_bobrinskii,-0.009318125893674555,-0.4502138057292313,0.26316071457396273,-0.1395839387864283,0.15241073819533785,0.053804555792498446,-2.105509786428358e-33
Allocricetulus_curtatus,0.05909932881123486,-0.14653450105376817,-0.08426763589080669,-0.22067763978069294,-0.09051476394708065,-0.016955312356037224,-5.5460077836240746e-33
Allocricetulus_eversmanni,-0.010709899975708478,-0.2817982260562756,-0.1301993232003513,-0.2341839013657679,-0.06106573662981228,-0.0032451945970365967,-3.176048973636887e-33
Apodemus_agrarius,-0.11382656834878073,0.002705798557573614,-0.04024182906974454,-0.02799425690606332,-0.0616668019773736,-0.02625468427886249,-6.240728834758916e-33
Apodemus_flavicollis,0.06503624268435602,0.06709730657947584,0.009006764663112295,-0.09725166899191258,-0.06525659763339242,-0.003920906603608835,-2.919968915517521e-33
Apodemus_uralensis,-0.13913442263203998,-0.002820026578531987,0.0029403680395765843,-0.10164973361515171,-0.08205201160323158,-0.018441901107372257,-4.5662467828526966e-33
Arvicola_amphibius,-0.1779112335760945,-0.5819183040916392,-0.1806285876437547,0.24950486796700388,0.04357983753925973,-0.03227376742276474,9.43587621967199e-33
Brachytarsomys_albicauda,0.38381516687852213,-0.297162572843604,0.020419342669790515,-0.08575314144293876,0.0075522112732844884,-0.03641547135779715,6.804428406154949e-34
Brachyuromys_betsileoensis,0.16247492905960345,-0.24955570266666502,-0.11561418443790554,0.02048472089591272,0.04959303220145159,0.015595620096703343,-4.6195355510118715e-33
Cardiocranius_paradoxus,-0.4901090240403156,-0.2122956763718804,0.11417696835379855,0.05100141300832821,-0.022224311097130356,0.0068209070306898345,-2.502266403907697e-33
Castor_fiber,1.154969865966892,-0.4908674233703557,-0.11322849763700822,-0.11441265673951899,0.007520051828689244,0.08898068358283606,2.0065007616343827e-32
Cricetulus_barabensis,-0.10833045453896037,-0.01476471756467046,0.026195799723799467,-0.15755373287202248,-0.055687988296370027,-0.020514410278134908,-1.7337412052331016e-33
Cricetulus_kamensis,-0.1390284509207874,-0.019636561404641744,0.05672273802568759,-0.04375199426876035,-0.11926831817274709,1.863255652690766e-4,-3.972398378792037e-33
Cricetulus_longicaudatus,-0.19410003097806278,-0.02000431873047604,0.06527607159786712,-0.09978671531830725,-0.07828848323968383,-0.0398487623673874,-1.7494340733693008e-33
Cricetulus_migratorius,-0.11074711409412001,-0.14051629981963265,-0.12781193788427306,-0.16639761218173413,-0.0903436604250496,-0.05225382717464135,-1.7134478928378977e-33
Cricetulus_sokolovi,-0.18059332710474477,-0.007605053799655783,0.016624174476603817,-0.1426835329977362,-0.09482815970460345,-0.033400592810918166,-2.082755395471681e-33
Cricetus_cricetus,0.3563438556718802,-0.2659816415720881,-0.06252579269901846,-0.13067141687500752,-0.0728894250967598,-0.0587618641350262,3.466189080475102e-33
Dendromus_insignis,-0.13761766466534733,0.022031680247829716,0.022039351044149672,-0.015544475454381538,-0.04290658331981302,-0.03707113519014553,-1.2224768999542432e-32
Dendromus_melanotis,-0.28388018703382206,0.022133846944896958,-0.06939836364239174,-0.011224490856720682,-0.018964865044179016,0.006759093016724879,-1.7769535239596733e-32
Dendromus_mesomelas,-0.20229705953765592,-0.08604103924489089,-0.08807035649021482,-0.09576464903237347,-0.008117123689268065,-0.027370413270088663,-3.516159114617744e-33
Dendromus_mystacalis,-0.316128319405128,-0.09764843795932306,-0.07884129699129827,-0.05492738377362512,-0.016749738521633927,-0.016857895956926584,-1.5699592610773662e-32
Dipus_sagitta,0.014053529172589296,-0.24752326118707832,0.09028178838756894,-0.15825657366502358,0.15071274551254488,0.07270204652783577,4.7091748708569495e-34
Dryomys_nitedula,0.020879734820640816,-0.03808780845407058,-0.05344683194535353,-0.18113870564319445,0.08114923066386515,0.03291313317118433,-4.779575087552893e-33
Eliomys_quercinus,0.3854588614702649,0.1451810281467184,0.012007770688909208,-0.1630487755945953,0.08780877919555136,0.03097550273694973,-7.155386746645869e-33
Eliurus_minor,-0.07785770920714592,0.052070341802597,0.005638096431151213,-0.14654453020358915,-0.11607178851994432,-0.016215166337820334,1.9625728349821362e-33
Eliurus_myoxinus,0.13891931631303892,0.06301887436928844,0.018145379301591463,-0.20137212050011224,-0.10696619888341738,-0.06222122029942953,3.964024781097965e-33
Eliurus_tanala,0.25512874829161697,0.1636817388662156,0.008481546093478247,-0.1735842629135597,-0.14948613909396768,-0.06449646659858199,-2.8483871175347882e-33
Eliurus_webbi,0.17098038796036827,0.21855045849951238,0.05882894142465288,-0.18680543293696958,-0.13056515315856132,-0.022919431917343035,-8.466082683634874e-34
Eremodipus_lichtensteini,-0.1487666681976582,-0.3279127598386697,0.14222342757629594,-0.07343891031865804,0.20413952871744118,-0.014311497066267831,-3.469739738125108e-33
Euchoreutes_naso,-0.15911691292132984,0.06754161941833536,0.11619333763179714,-0.05270785594161072,-0.035800039772422354,0.049216339435639814,4.1448272886086213e-33
Gymnuromys_roberti,0.20356589982150372,0.12210011278410632,0.0172005783450721,-0.15595907178573054,-0.11381904123523992,-0.012126354487372858,-1.6221559654492415e-33
Jaculus_blanfordi,-0.03769024432688712,-0.4086531680974353,0.18490105125914846,-0.29200870322976236,0.08751144524078612,0.017597776090048686,-2.94471507850043e-33
Macrotarsomys_bastardi,-0.08186170620837911,0.1861300950436997,0.0658182860628042,-0.11640757841066177,-0.1411176250382394,9.924904628298736e-4,-1.0211847573746742e-33
Macrotarsomys_ingens,0.15292774228229417,0.24432206364182002,0.007988071043608895,-0.25155943012331317,-0.20139565123609565,0.028853151276879506,-2.1282397494023712e-33
Mesocricetus_auratus,-0.08309766285215753,-0.19447634610673523,0.04883208419984854,-0.10329624180848986,-0.2355573721541563,-0.03457042853479044,3.4129272482095e-33
Mesocricetus_brandti,0.15329817656918712,-0.2078907581707927,-0.24104317137236897,-0.11162396934059343,-0.13318630513061913,-0.014725342886703246,-1.897915553404934e-33
Mesocricetus_newtoni,0.20676493718984099,-0.2030264814619987,-0.17747755546926602,-0.04757387497821068,-0.0468307722954791,-0.023966602804722018,-5.519261958764818e-33
Mesocricetus_raddei,0.25909133045793914,-0.3154753769007987,-0.2350941343644504,-0.05534126153296975,-0.11337385419731913,-0.04199836115575197,1.01526813916033e-34
Micromys_minutus,-0.5417449702876608,-0.25420172510706524,0.03562412556686385,0.014778573279716488,-0.02456143828780916,-0.07570492541887892,-2.6182600487968014e-33
Microtus_agrestis,-0.4566790265650867,-0.4929488927815818,-0.09147143333873287,0.2725161848417676,-0.021585514446268814,-0.05775238429905396,2.2740713321235186e-33
Microtus_arvalis,-0.4122177044119787,-0.48393147978976314,-0.11715492756915193,0.2356267024782347,9.153618116979592e-4,-0.06284026764584369,-1.254467659458051e-33
Microtus_levis,-0.40893884159499216,-0.48645048383689204,-0.07430994024340562,0.26578914260812214,-0.01332059087483982,-0.08215369009141588,7.88814797936251e-34
Microtus_oeconomus,-0.33902324037580994,-0.4720661314560568,-0.15242922874616105,0.25714641925830417,-0.015657504647914416,-0.0847199156951076,7.002493616859773e-33
Microtus_subterraneus,-0.5010665329492041,-0.4492206627974481,-0.11299690721822549,0.3142093646234557,0.071488935111184,-0.03572953090840247,-3.600389168989706e-34
Mus_musculus,-0.2822945514313581,-0.06971472423040538,-0.02773964291994814,-0.04018577846804412,-0.051813586353898315,-0.04013052879039571,-8.436430364540951e-33
Muscardinus_avellanarius,-0.30570496949773596,-0.2488317310608291,0.010121897696248787,0.13386304195257534,-0.07273827135087119,0.02159037948006236,-9.30037245765258e-33
Myodes_glareolus,-0.45867106782522526,-0.3106317850225999,-0.05183694593478804,0.17091190219854682,-0.019226117588089477,-0.0741635863328533,2.114053044338011e-33
Nesomys_audeberti,0.4713643154624521,0.23451217433387764,0.11364317443872282,-0.15394169938163102,-0.10118956041512434,0.028374916500565634,3.771604100859238e-33
Nesomys_rufus,0.3531164987281966,0.20528424037102289,0.1716727930380619,-0.11190688243385054,-0.09140240373568397,0.02656401022310761,7.076656104932152e-33
Ondatra_zibethicus,0.34543481137338256,-0.46492507861229354,-0.11795284499725828,0.1268909876184145,-0.09427889703269418,0.010987955340594662,1.4181230347567898e-32
Paradipus_ctenodactylus,0.02371793471487179,-0.18493755209496,0.09419520278749098,6.622936228664456e-4,-0.08183830868797583,-0.0032384718551263783,3.861942869259035e-33
Phodopus_roborovskii,-0.22836051521995404,-0.04648940337872162,0.07900267168182272,-0.1348993393494149,-0.1440456421739751,-0.029646279045190217,-6.162724381529717e-33
Phodopus_sungorus,-0.24360919089654337,-0.04435426399712762,-0.01077597355870703,-0.15040847673850485,-0.16097520132792867,-4.3975962051008376e-4,1.3152463725024876e-33
Pteromys_volans,0.3799738741563259,-0.3509314624191268,0.06844201208009931,-0.079718060457595,0.04477735315880146,0.02074150969595151,-1.9441274239854646e-33
Pygeretmus_platyurus,-0.4847223864160535,-0.7912217821849024,0.4457868127247948,-0.1566655124988587,0.05469409908856075,0.04291280674494141,5.9314492382539057e-33
Pygeretmus_pumilio,-0.3595781171894612,-0.5992474224720679,0.436027251080151,-0.17233778240377914,0.02625827387589802,0.07872759834996487,1.873412662073169e-33
Pygeretmus_zhitkovi,-0.23703683895861768,-0.8319059704685737,0.3575919343069713,-0.15686531439940013,0.10661055103352327,-0.0089883603555484,-1.76913082611209e-33
Rattus_norvegicus,0.5095555485766922,0.022344912411166425,-0.026703722883385277,-0.1944074625923566,-0.12230370404422379,-0.0852566197030011,-1.9372833766434295e-33
Salpingotus_crassicauda,-0.5613844479922816,-0.16489624460958438,0.12171286167256537,0.01544999673643769,-0.02325757059512823,0.05085776169174603,-1.6917529117463247e-33
Sciurus_vulgaris,0.5626801111876459,-0.10979561900771677,0.2987113962914499,-0.15701604457618687,-0.14789241518900254,0.04741192161024284,2.735514913098261e-33
Sicista_betulina,-0.40146022378801927,0.06909013290746431,0.057086636875278346,-0.0658854523085527,-0.05637559693177273,-0.06214063873594979,3.4982296238372747e-34
Sicista_caucasica,-0.272859055978693,0.06054893916195045,0.03447558254736518,0.05164833029331242,-0.03759634165101522,-0.06837653271070969,-8.038735105936304e-33
Sicista_caudata,-0.3350896795361308,0.1658128587656992,-0.060771786771628526,-0.08134677379452447,-0.05946399763746429,-0.015416358897840241,-3.433703938779203e-33
Sicista_napaea,-0.31403067073904606,-0.0719514523541398,-0.0015519329903819455,-5.225245525413167e-5,-0.007295721534860591,-0.05557452915599334,-9.877105171012987e-33
Sicista_pseudonapaea,-0.2640965670763803,0.013893706638642459,0.023337919452683743,0.014833520465963734,-0.013257676703004675,-0.0446330788091398,-2.5317407120616254e-33
Sicista_subtilis,-0.3314562470438317,-0.08501923645468379,-0.04808105703190803,0.03304228457186854,-0.045245379513088387,-0.06732585659205931,-1.9314852931345312e-32
Sicista_tianshanica,-0.25874925319009795,0.019129330779388463,-0.005666543317336589,-0.03689072451853463,-0.05044699776570918,-0.055455542766353165,-1.1463440562023221e-32
Stylodipus_andrewsi,-0.020949542731847424,-0.4135791848015151,0.12991531735960227,-0.11754217414666315,0.059405823792902906,0.023150633538263646,-8.150577333498934e-34
Tscherskia_triton,0.2549413596369224,-0.10370925008192362,-0.09301858025076667,-0.3000751645118022,-0.12177490731418661,-0.05118954440297688,4.643343651509027e-33
Zapus_hudsonius,-0.22776957793952335,0.06373033429490993,-0.03154370473209991,0.04398279442567647,-0.11503767502734129,0.024290226682358713,-9.275344865593938e-33
Abeomelomys_sevia,-0.0613236254603748,-0.02969172312365615,0.08582423045298836,0.06008341233840227,-0.02646333590502941,-0.020152289125088294,5.017443543428826e-34
Ammospermophilus_leucurus,0.33074519648560335,-0.1316900766110027,0.08329708597006151,-0.039235535765138545,0.3413686845485082,-0.044478713073674375,-6.654275016345347e-33
Anisomys_imitator,0.6253957726164512,-0.038863779666024285,-0.052301299022307346,-0.21010505701602328,-0.11927611612948591,-0.02421573048640176,6.844431172920278e-33
Baiomys_musculus,-0.4300876553403893,0.15607830567498537,0.03165767459917445,0.01667063495343403,0.031204238857213983,0.021680145944431496,2.691825849534693e-33
Baiomys_taylori,-0.48445422048525544,0.04980428058309682,-0.012702612585921902,0.044313008084946356,0.05280847000550092,0.005785310351019778,8.687679070142048e-34
Chaetodipus_baileyi,-0.4272694812814451,0.1550976034251192,-0.04376233941668134,-0.10042052195848454,0.0731663221067676,0.07515148801035422,8.045793140906366e-33
Chaetodipus_intermedius,-0.5893479932577701,0.11583153717036994,0.007206300755596151,0.009941123533122211,0.08689199068816292,0.059219390756227515,4.6204918815311055e-33
Chaetodipus_nelsoni,-0.4573417936720252,0.07299979433617246,0.07640285567571288,0.012502238550549407,0.09796682951707894,0.015050597898365268,2.3584716249892763e-33
Chaetodipus_penicillatus,-0.48292852138291176,0.12424448220865646,-0.0031437921324908996,-0.03693183653160536,0.04242955489806748,0.0595422498374213,8.251207416329536e-33
Chiruromys_forbesi,-0.12169389709905395,-0.2140745288747575,-0.010343560303020494,-0.12872006479711387,0.04308198679282945,-0.006448303618452807,2.4068628072937164e-33
Chiruromys_lamia,-0.23368413047320732,-0.18876017206882895,0.03804302896528732,-0.11785561811715388,0.00800701235074436,-0.012139993225564917,-3.8829627453017095e-34
Chiruromys_vates,-0.2568891942609376,-0.20996087039604414,-0.021005028990562405,-0.1402181226131878,0.04826967208253768,-0.01592225480901442,-2.3262573307524353e-33
Cratogeomys_fumosus,0.5342329877029226,-0.11932862772130944,-0.38329112333654497,-0.1974650064201397,0.14703762381771254,0.15010242922757833,2.1578570269989085e-32
Dipodomys_merriami,-0.13857893550414735,0.20275821241278172,-0.0017691036522139642,-0.13031271468224787,-0.12133774064033583,0.047045961152847614,4.7022417770914125e-33
Dipodomys_nelsoni,-0.025920692079465294,0.040163341531278755,-0.1677665046448689,-0.14565608073117353,-0.010141548673537195,0.08085586613833973,3.45680134703209e-33
Dipodomys_ordii,-0.11970331698154255,0.15146219228571875,-0.054659360631100176,-0.10912729799236169,-0.02284541717375809,0.04918098257547966,3.3976345144633025e-33
Dipodomys_phillipsii,-0.12181458954524885,0.19621985010898757,-0.02025615833835552,-0.07893344440116702,-0.08351263181986053,0.039842796594120114,5.3891469468596514e-33
Glaucomys_volans,0.023044613961015797,-0.12903805516558017,0.2773599507657202,0.03632093620987739,0.13276925632558165,0.022857998684368757,8.556173777856686e-33
Habromys_ixtlani,-0.050787136763870075,0.2024651347244198,-0.04564018242346563,0.03962378175363366,0.05062786858966855,0.008194589498642902,1.7483512348758505e-33
Habromys_lophurus,-0.23786964767886395,0.09465521174830584,-0.06159641011877712,0.13099624235783228,0.04228679421598777,0.06142451533384486,3.1423324364287715e-33
Habromys_schmidlyi,-0.30020360016691466,0.1646764155930149,-0.05936889107364205,-0.017672227435816038,0.043013928609743374,0.03233282011866254,-2.0803063422918055e-33
Habromys_simulatus,-0.30411158229551477,0.19595278508630287,-0.0343747205661419,0.023663828941446096,0.04692615350408348,0.0435321587412281,-1.0965971488005701e-33
Handleyomys_chapmani,-0.34002310123814544,0.1885502854155179,-4.27235288584526e-6,-0.08813556767306875,-0.02764605833538415,0.040828344806584926,9.222650392099361e-33
Heteromys_desmarestianus,-0.12885981754229683,0.08893309648756091,-0.07726823079432746,-0.02265968440027164,-0.05063317912334097,0.007547389546552611,3.664902163494125e-33
Heteromys_gaumeri,-0.12318071788798823,0.2234004125796665,0.013410454574873089,-0.058135369128354056,-0.02068923332949846,-0.021175594223250625,3.215100431522023e-33
Hydromys_chrysogaster,0.7139298429795956,0.19866248698144381,0.09689429214191203,-0.11857750766628322,0.22638273825938052,-0.14581107938919532,-6.33663555184632e-33
Hyomys_goliath,0.8501155747574977,-0.1812286809046774,-0.2731304852278696,0.09395928513084505,0.11351572240922847,-0.04751089613220709,1.0696039303266842e-32
Leggadina_forresti,-0.12199610661963467,0.13101283472560485,0.20434929688597847,0.0933138401504602,-0.020749791681027346,-0.026452725698861052,-3.4447417578678757e-33
Leporillus_conditor,0.3560792627372889,0.2143488584381105,0.23004709011409763,0.15969152821328333,-0.09259619892487791,-0.0826923786604156,1.1497064194476609e-32
Leptomys_elegans,0.23149638654257954,0.30178633995652887,-0.07808114521103436,0.09060364535437535,0.2405942150210272,-0.07250392798438172,3.445428009835625e-33
Leptomys_ernstmayri,0.2882123082189833,0.43647132554423146,-0.08530688654204688,0.07811257304537184,0.13742000936592683,-0.04125592939575485,-3.3357711399773585e-33
Liomys_irroratus,-0.06440772495441728,0.0568346757520537,-0.040223885731898446,0.0306086522588508,-0.05443977757408679,-0.002626104662862918,1.0903635480802522e-33
Liomys_pictus,-0.07617979407135485,0.09149076997887551,0.049916485970047504,0.08224355745397058,-0.04683651021624402,-0.015286425988948924,1.601628872568921e-33
Lorentzimys_nouhuysi,-0.42068312413756076,-0.050389837267702846,0.14869068948194156,-0.20752219707114658,-0.1953940545610091,-0.008445191983479886,-3.7385928803577864e-34
Mallomys_aroaensis,0.6768047375498687,0.016063503677349246,0.10463272623186574,0.1236750092538711,0.0614270481183919,-0.04371063825505589,7.951007682859957e-33
Mastacomys_fuscus,0.3451101171241305,-0.12188495422211017,0.004394720801596609,0.2190790703934552,-0.05408556678318331,0.021845050427673367,-4.6717583237683486e-33
Mastomys_natalensis,-0.18282562290064833,0.16850570671108697,0.1102913349376521,0.10484992745905473,-0.13220576123621397,0.017019380648607373,2.9424330481500575e-33
Megadontomys_cryophilus,0.06660435906621927,0.23173122684272934,-0.0020001926695396126,0.10009905753319465,0.06493943609732356,0.005424394657874281,4.1358598997895114e-33
Megadontomys_nelsoni,0.014671977229214043,0.23736422632385717,0.04275197614107059,0.09916408451053259,0.052433999577866944,0.013881946768155478,5.875084624769389e-33
Megadontomys_thomasi,0.014549136386599866,0.22254034998451222,0.023837609404037504,0.08900700185670876,0.06308464144575354,0.005630844343391203,4.233984127303456e-33
Melomys_burtoni,0.16123052646259337,0.04607511225667741,0.006068199930392482,0.0966601069830491,-0.04964658436257847,-0.005610409715937346,-5.6693283624603164e-33
Melomys_capensis,0.010802179028850186,-0.004266879917278647,0.06331569825041039,0.11185506308172825,-0.07732417412385732,-0.053104096672074635,6.953009769100264e-34
Melomys_cervinipes,0.12717553839126067,0.09316488162085639,0.04779398782107552,0.07734679610925872,-0.09770036738202718,-0.0015275337762807332,1.886162979902133e-33
Melomys_leucogaster,0.09850234287785005,-0.18080041093903718,0.08371652672209524,0.06205687707185174,-0.0036665864347569226,-0.07804365742691367,1.2205692770518062e-34
Mesembriomys_gouldii,0.9286131706597112,0.2400406103129904,-0.031505998392363295,-0.0721280544378643,-0.07548822231549981,-0.026011264546561743,-8.90166334087676e-33
Microtus_mexicanus,-0.35521435461602335,-0.37673810397185165,-0.1740934764709818,0.2999762251139734,0.06761914902540168,-0.0401219656259426,-1.7303326696107942e-33
Microtus_oaxacensis,-0.3011283457608591,-0.41646077403626464,-0.13112253625138165,0.315739693006286,0.050429308188379186,-0.03239170045369874,4.505656711161481e-33
Microtus_quasiater,-0.38143402907390594,-0.43539509024056844,-0.14450232349923148,0.25837295399069815,0.08528442104904474,-0.06531743634791166,-2.5806665331756152e-33
Nelsonia_goldmani,-0.13917767673620804,-0.007878653382936116,-0.04710593036092123,0.1254792162077725,0.06680124716569187,0.05812879140940535,1.5661369116408846e-33
Neotoma_albigula,0.14207340674384536,0.004433536960905026,-0.06676794030794092,0.07989717659074855,0.03999548141806556,-0.03130446210296377,-7.88414648612982e-34
Neotoma_goldmani,0.028812109591480346,0.030800708421883576,0.017206459201817043,0.18933021688044127,0.007210036100509419,-0.027215410326758626,3.7806904350362513e-33
Neotoma_leucodon,0.29688487840458294,-0.061645668744446824,-0.1346532701764502,0.08264346121398158,0.08019616702555005,-0.024058074007768885,-1.6953351731128072e-33
Neotoma_mexicana,0.07007433521335177,0.021716641922254788,-0.03293518114999349,0.17110429675149927,0.05696622012874724,-0.0038446261853083284,3.5110937949091554e-33
Neotomodon_alstoni,0.040173618818129475,0.1268814592405025,-0.09322289362845582,0.08374450967885996,0.10734106982150683,0.011872523197396196,-1.0623596405752939e-33
Notomys_alexis,-0.026734790339961897,0.26283590025745523,0.2062053033401903,0.04651419704578376,-0.03374737982291743,0.043223791920945984,3.10323980782378e-33
Notomys_cervinus,-0.18528895476762355,0.1789265464844919,0.23277273257872816,0.021763980204250934,-0.0808838466513286,0.025474529786610797,2.480174158870249e-33
Notomys_fuscus,-0.10322987750779956,0.1710992787519923,0.2356954119204103,0.04289695061078328,-0.019304119637327782,0.033105707484499,1.5286427198585765e-33
Notomys_mitchellii,-0.010065903404867583,0.28029968191142607,0.14960730683911028,0.027473913454393675,-0.08650019449993764,-0.016074217295792243,2.7887846177506957e-33
Nyctomys_sumichrasti,-0.24783519115867103,-0.049673089596849504,-0.047619366528363606,-0.03109791023732118,0.055983323039731483,0.025967076256801554,-3.40080696489858e-34
Oligoryzomys_fulvescens,-0.3351600440714461,0.13497257264450685,-0.015610320546379916,-0.06323492370792669,-0.04459726663492488,0.029677347795921835,4.315025565296008e-33
Onychomys_arenicola,-0.22189184007155488,0.24846797062936385,-0.04018073053194009,-0.011151962937776668,0.15444284708077133,0.004587854747197964,-5.815172347078661e-33
Onychomys_leucogaster,-0.1279935204441343,0.24910453590648357,-0.06733011209211028,0.045462183316877104,0.10563799859802257,0.016378570825953963,3.538981998277292e-33
Oryzomys_couesi,-0.21653077241371277,0.042595122614886544,-0.10309855008335174,-0.02712438531177901,0.02146984813582139,0.01624451646028371,9.293849615246727e-35
Osgoodomys_banderanus,-0.13189080752621582,0.22634689809750652,-0.03123089352675697,-0.05544186798446782,-0.02676474110204475,0.007714473928787373,2.57412866393142e-33
Otonyctomys_hatti,-0.27401207653740894,-0.010750684498797817,-0.040124315924548876,-0.04727561854607369,0.02294051806789285,0.007955395471850249,4.176053917200777e-33
Ototylomys_phyllotis,-0.18573203663928595,0.18534351090738901,0.10757161162123606,0.10677888671051784,0.048996979500427924,-0.0014253227052693437,6.275802109150237e-33
Perognathus_flavus,-0.653728612800207,0.12140154657586202,0.010592123802138653,-0.06025636727091668,0.029013929471965693,0.0802993094028881,1.0409704680838577e-33
Perognathus_merriami,-0.6544704901885992,0.1319981403780659,-0.08118760314313311,-0.12341503149408946,0.0534690771156351,0.09539401517863498,5.9882953863263675e-33
Peromyscus_aztecus,-0.11930017502389711,0.1799988483455574,-0.00582228311528186,0.03827998981080553,0.030496291826234673,0.02787102506113275,3.990087154186083e-33
Peromyscus_beatae,-0.1352894628850228,0.22793396646188352,-0.02384022890036672,0.03022573371641609,0.056603326578197964,0.019198111334005837,5.318329587499906e-34
Peromyscus_eremicus,-0.27042633158756274,0.18315763728789758,-0.03998280752384815,-0.023075998467496254,0.026260149968542448,0.02610011236519225,-2.6212522161372694e-33
Peromyscus_furvus,-0.03841088870717091,0.2680411647699187,-0.013438316508481837,-0.01224015996333533,0.0057036580022789855,0.01260332882886793,3.756617675242849e-33
Peromyscus_gratus,-0.2014121979392632,0.2478442132611292,-0.01710170647092122,-0.0012174728091944463,0.03005758903294991,0.016576356169715128,8.423128820349337e-34
Peromyscus_guatemalensis,-0.04763660527836513,0.27968325441238046,-0.040785719926166905,-0.0039365838177237295,0.05528504094455919,0.024745016204896,4.838913679583535e-33
Peromyscus_hylocetes,-0.04955355871212453,0.25816149082727136,0.038679518759211086,0.058255762022191994,0.03711238157314409,0.02127372131560916,1.518862637483387e-33
Peromyscus_leucopus,-0.23579086207603864,0.2654030158721617,-0.018594921292342602,-0.03160772751685232,0.008875164623019823,3.3179787385023625e-4,2.3309039096629237e-33
Peromyscus_levipes,-0.1814551241868991,0.2177346513813413,-0.011558181619891061,0.0254348743191842,0.04758820941128755,0.034251595782248546,2.8217820229495392e-33
Peromyscus_maniculatus,-0.24088280935696935,0.22013266594566994,0.04117726319691089,0.024492140113057097,0.08272834745572025,-0.0074265509493215255,-1.7262632682868394e-33
Peromyscus_megalops,0.003493980073346546,0.25613800763238626,-0.04176169148016358,-0.0020060002534274942,0.0360000168121613,0.007784488671391957,4.1890279478915215e-33
Peromyscus_melanocarpus,-0.08112532588202889,0.27399264308697363,-0.019620964512177277,-0.0027921912224477792,0.02438989486990611,0.009490674022573491,6.117303869807728e-33
Peromyscus_melanophrys,-0.04896519494936135,0.1339223325594121,-0.11907367905519779,-0.0901487192129816,0.047098808478308905,-0.012225387322102897,-1.780211719712479e-33
Peromyscus_melanotis,-0.18463072430614097,0.29768329436786223,-0.029379146252398528,-0.01310892104790752,0.02279843640150052,0.036288524459413815,-5.815220673205858e-33
Peromyscus_mexicanus,-0.11018330527939542,0.19461684102582286,-0.026628006761960123,-0.0025368192239694567,0.002873340699443671,0.014436630500079954,2.5772705095237072e-33
Peromyscus_ochraventer,-0.07895236814359563,0.22246698359209233,-0.06042980637823004,-0.0021128686484626013,0.004277763066318836,0.016644282593464992,-1.3189571202316173e-33
Peromyscus_pectoralis,-0.2867739056970698,0.19052950533627194,-0.04191177126087467,-0.04351162829379917,0.02501676014401174,0.021522432846994972,1.9392531876885643e-33
Peromyscus_perfulvus,-0.07599857363878354,0.05279462237500264,-0.10411245384878261,-0.10611624849508217,0.0284581949586809,0.02239465674787578,-5.130152763337068e-33
Peromyscus_schmidlyi,-0.18465599508463054,0.24552408222223132,0.026170117738542605,0.02470999859749579,0.038827049862031976,0.017969815256758646,-2.0765032155619724e-33
Peromyscus_spicilegus,-0.21184777734401597,0.17949061833397942,-0.054030788631874466,0.028759135240087785,0.04905995700438585,0.025334115049899325,-1.875840719705934e-33
Peromyscus_zarhynchus,0.028734824440493006,0.27517973144241464,0.21315414669621985,0.09397593863251925,0.02830847619258529,0.014097881015923283,1.0535811927941318e-33
Pogonomys_macrourus,0.039096391503281584,0.08966650210050135,8.426411162711278e-4,0.07229018527797314,0.02064336035494624,0.023102175256893016,-3.411055237480434e-34
Pseudohydromys_ellermani,-0.3620504442544783,0.03338995130820033,-0.6585592777297664,-0.8303877078588218,0.26943742764836165,-0.19811487301801986,6.578127415049623e-33
Pseudohydromys_murinus,-0.023283340971047152,0.20161832132623198,-0.11968003009574014,-0.04718239486040899,0.2424618920560448,-0.16841926725728704,-1.2782440019325516e-32
Pseudomys_australis,0.03368105024383897,0.15799404444066023,0.16626714673907195,0.1015705844289304,-0.03433004965549117,-0.07680529825890746,-3.4973018256462676e-33
Pseudomys_bolami,-0.3715410968664531,0.1497001307944576,0.2859118656232242,0.025172362151789276,-0.040520231533277294,-0.03152306169092648,-1.984540154030775e-33
Pseudomys_delicatulus,-0.3184778022635785,0.28086347207731577,0.13316827550042065,0.15746298092755168,-0.08074793972060054,-0.012249382301600421,-4.377370713480807e-33
Pseudomys_gracilicaudatus,0.05985018982605538,-0.03764721472473158,-0.07765370887082196,0.09572735188802901,-0.01903924945229851,-0.02799121788993932,-3.412898328585554e-33
Pseudomys_hermannsburgensis,-0.3514550045959437,0.1684047716894284,0.14303863243328493,0.07971456263591704,-0.02346813532687523,-0.049846591825890976,1.571507327855761e-33
Pseudomys_higginsi,0.05967671755314482,0.24224857010294393,0.06056611627068495,0.02440629618227993,-0.06347620589392314,0.01799948507034034,5.285351069977667e-33
Pseudomys_novaehollandiae,-0.3135997544826333,0.18654697441772916,0.10270973010024126,0.05760778155028868,-0.04152062066930468,-0.0393224442097432,5.429480220064249e-33
Rattus_exulans,-0.10401665485541577,0.08342875012108532,0.10283774730537538,0.014756024987512984,-0.08143232431156185,-0.018533004761030515,4.433247955194741e-33
Rattus_fuscipes,0.41659584477507206,0.32021436632027284,-0.02284472960473006,-0.02865663747962327,-0.08592876047835916,-0.007894975714821461,-2.904477525999491e-33
Rattus_leucopus,0.2735350026739826,0.3938039632740655,-0.07246315251388284,-0.00774438851514527,-0.07363043433535146,-0.024060041158808117,4.255548662459998e-34
Rattus_lutreolus,0.2849905785525778,0.08294772413423569,-0.11303161893812498,0.0815647665488002,-0.015995380541680804,0.001477690665207446,-4.075490914633921e-33
Rattus_rattus,0.27273141146095053,0.104980093823448,0.07375351011686941,-0.060953145401820764,-0.05434893113042477,-0.06209752542814856,2.8936259649628095e-33
Rattus_richardsoni,0.2828926894883572,0.24686983718945726,0.019028046275262566,0.038587644478128624,0.009990108788600773,-0.07615955708354542,-2.3862744881306584e-33
Rattus_sordidus,0.2866072287302998,-0.06100982115998565,-0.08042536446397623,0.07148208677123138,0.048399700270024354,-0.060083967515440956,-3.0352569411640208e-33
Rattus_tanezumi,0.2337384908056676,0.08928116401245406,0.03874554606744603,-0.055840095349761386,-0.08407874407819019,-4.951960044312645e-4,-2.6050486774251378e-33
Rattus_tiomanicus,0.29832959287213173,0.10589715104419913,-6.669560137796187e-5,-0.03576389323557471,-0.10862006408883394,-0.0805831755302711,-1.9000509328758306e-33
Rattus_tunneyi,0.13237739055485231,-0.059539027236014765,-0.06990797453105799,0.08675520842233035,0.013611980076727174,-0.00575674325366068,1.203103380896672e-34
Rattus_villosissimus,0.3706908797388473,0.12520980338368848,-0.060262878363119596,0.05299178735140511,-0.045595619805231385,-0.05022357312624559,-3.77908119184136e-33
Reithrodontomys_bakeri,-0.3646309184797245,0.02032094495483991,-0.17889868848917262,-0.022241359931257403,0.14565707263347355,0.012382904503160812,-5.029806812063219e-33
Reithrodontomys_chrysopsis,-0.3499471976716044,0.08041166681709226,-0.027246213920138034,0.037694039167449796,-0.027939682896239177,0.02447976023812569,-4.4509114823891965e-33
Reithrodontomys_fulvescens,-0.39963227483030017,0.10824375516549624,-0.12596965034616858,0.06408556894879809,0.029360140916970055,0.022644011185746507,-4.683307481380846e-33
Reithrodontomys_megalotis,-0.4429597703695065,0.06923616784278745,-0.1201476343425428,0.053339082520117306,0.0524597759317854,0.03550243940953155,-7.739959656460842e-33
Reithrodontomys_mexicanus,-0.3657842876027706,0.09510323461572882,-0.07765402023877116,-0.0021350443702484105,0.02771295860410578,0.038362473817074104,-5.2399904313525664e-33
Reithrodontomys_microdon,-0.3733841412011631,0.08281678330824384,-0.03130832457210865,0.025409539839762758,0.07662315876283089,0.020142910418369287,2.6776252546775153e-33
Reithrodontomys_tenuirostris,-0.22325316979157211,0.15141329216409286,-0.10901220427334966,0.008388266564649376,0.06650118733646908,0.022758286261402003,1.0933219788081148e-34
Rheomys_mexicanus,-0.15321575336500193,-0.02120902527721997,0.20489870009362002,0.05358386766314941,0.09483999341876159,-0.07716242844137745,9.014888189464907e-33
Sciurus_aureogaster,0.5130548039050584,-0.0739905001969197,0.25918083525407437,-0.016211433838612635,0.0599882760133421,0.01606033963080134,5.724299784921825e-33
Sciurus_oculatus,0.6971270449057403,0.03484976833911596,0.27572238942992655,-0.1162892427723919,0.006251004626478343,0.04627878254431048,6.589994484289054e-33
Scotinomys_teguina,-0.3802696375408346,0.10654811373902841,3.878888754994157e-4,0.1471743668628955,-0.01089375138220571,0.021358960949058394,-5.986343287171511e-33
Sigmodon_arizonae,-0.1037579187966368,-0.06776540709510624,-0.1013072973930818,0.06944633349500258,0.010011795233976826,0.06442033080602945,3.552451879693964e-33
Sigmodon_leucotis,-0.130503474104952,-0.07290641048736088,-0.13571818042971714,0.05043324506886981,0.05422118079407665,0.035814152192350734,1.0927130165727478e-33
Sigmodon_mascotensis,0.025663283014460025,-5.544439987218059e-4,-0.13112504454584403,-0.022538867455113347,0.053279467819262225,0.026894763849164012,5.2242730001040914e-33
Otospermophilus_variegatus,0.8141483060467144,-0.09843168323827109,0.1491213349198329,-0.006894553409974689,0.2138544032648657,0.043587532560343936,-1.2098015115373238e-32
Coendou_mexicanus,0.8948527691160496,-0.42154248092954383,0.2705794097165229,0.03333217674586402,0.12895918254448155,-0.12354846835410298,7.295561347372068e-33
Tylomys_nudicaudus,0.1926311725030496,-0.012590350326711595,0.08041350674085979,0.035630756024625544,0.08459504828709588,-0.048350254132881784,8.526621272399315e-33
Uromys_caudimaculatus,0.7803738865842229,0.18817829601789038,0.02653286014836241,-0.035263882678736806,-0.08069994307201166,-0.030133981363853726,4.61158531469566e-33
Xenuromys_barbatus,0.621661270426647,0.23137272871469436,-0.036528973784174204,0.03276572628197844,-0.03699834896929623,-0.10108848833623274,-9.507050115159284e-33
Zyzomys_argurus,0.019059904302689546,0.30778772246169356,0.18059213466515636,0.04913939082648213,-0.08916623910796255,-0.017184477787034923,8.958298602442457e-34
Abrawayaomys_chebezi,-0.237155822281969,-0.2958412826695096,-0.014436205098929894,-0.2119179715601627,0.09406560671320718,-0.06807433764164438,3.6691238538675166e-34
Abrocoma_bennettii,0.35017594311345834,0.1575221394125514,0.18432581141505344,0.13125734494585675,-0.17661450261133282,-0.08447081144798432,1.450909907610218e-32
Abrocoma_cinerea,0.20295124769451633,0.2286437545375382,0.3248717225069416,0.18486118814659158,-0.14081691086125014,-0.08150099823708747,6.518341339683988e-33
Abrothrix_hirta,0.07464791279279076,0.3765304921392697,-0.018329538693463834,-0.057128894802993706,0.14531474808037903,0.01938631933489343,-3.960055433105962e-34
Abrothrix_longipilis,0.004721126406534585,0.3315157167034538,-0.03321794808501096,0.012242814327656271,0.10010513935126163,0.0012917334587470213,-2.9932677866336132e-33
Abrothrix_olivacea,-0.24015145794743695,0.22303152160171102,-0.05689579950150915,-0.018845864562006244,0.028421854707138115,0.01811371923527703,3.1676985620630655e-33
Aconaemys_fuscus,0.38566995466733084,-0.23590523187587595,-0.2877475850186446,0.15035714991611038,-0.09451153945642683,0.05167678891359299,-2.118582304111886e-33
Aconaemys_porteri,0.36545903057915746,-0.2788143329634372,-0.335920226967891,0.1245363477608906,-0.10727262428633241,0.05402054030069255,-1.2669187059561448e-32
Aconaemys_sagei,0.2654820245180552,-0.28057334086767016,-0.24263359575721263,0.13536615720057135,-0.12606500381298524,0.03940969612830491,-7.05530822397297e-33
Andinomys_edax,-0.06033846090646976,-0.1067381563151995,-0.1532448500301193,0.21894896646955134,0.07409350709873093,0.03294326176444829,6.0644053487110954e-34
Auliscomys_boliviensis,-0.0659668835503095,0.023999651257264523,-0.009603800714894202,0.12621676482725017,0.05341618399310419,0.04177080259244682,1.5709721088195577e-33
Auliscomys_sublimis,-0.09623584575802592,0.022131548079484975,-0.0027019355348650146,0.10318661472359786,0.036057481167462234,-0.004118151734615456,8.34455551002905e-34
Brucepattersonius_iheringi,-0.14621143043995144,0.40971326586544393,0.09213908797595888,0.11835911742512609,0.04698247476407257,0.02166803125511164,4.640849377121088e-33
Calomys_laucha,-0.4443290459968369,0.1206842805403951,0.13218323860387265,0.05247773570079341,-0.0264302060097672,-0.010576761260431722,8.015672081743735e-33
Calomys_musculinus,-0.5007708019206638,0.05110670651991784,0.08054186391997066,-0.01698078504823033,-0.07488440885729544,0.01566164576735714,-4.37419564090761e-33
Ctenomys_fulvus,0.5845996770268789,-0.426528526112174,-0.2871421946187649,-0.015473273632532846,-0.08533350067082597,0.04453230088371869,-1.5963765454578e-33
Ctenomys_magellanicus,0.26230232398242137,-0.3560792279287655,-0.2820786513174481,0.037641940897074,-0.14246204473082166,0.022426274057227625,1.4305207786628307e-33
Ctenomys_maulinus,0.5679050283567199,-0.3282048269111355,-0.34551160877245396,0.012581988536445718,-0.10947691782157982,0.030488663077886776,-1.0507501398703369e-32
Ctenomys_sericeus,0.21920395256210945,-0.3756271191698783,-0.238298051508165,0.06364296795703064,-0.1444334582994049,0.02639996692468433,1.5842183883562092e-33
Delomys_dorsalis,-0.20395879319174554,0.24438849844316415,-0.047767516763379925,-0.037770032583873216,-0.09590049777663218,0.012523245255336352,4.389707534942557e-33
Deltamys_kempi,-0.212821881029915,0.1563121764299943,0.08160570787411149,0.05659138772950437,0.09432352092271308,-0.09447379570026387,-6.611321974902474e-33
Dolichotis_salinicola,0.98622566698194,0.24115186628170146,0.35256607841521176,0.07039917266768919,0.08643688927755715,-0.028827073139717375,1.4546999255137734e-32
Eligmodontia_moreni,-0.48241644419933427,0.09824026145888107,0.11318244574427563,0.06774530908662578,-0.0828275550860025,0.0630308065080535,5.1613608003081454e-33
Eligmodontia_puerulus,-0.4436989603372645,0.15777528409039243,0.08450065228220553,0.07324004282604665,-0.06457474849077194,0.048230530189671224,8.219522969964686e-33
Eligmodontia_typus,-0.4948375399933659,0.009919320327589846,0.09304233746417476,0.06519754439999555,-0.14936121859605767,0.060890646924309795,2.675997645360602e-33
Euneomys_chinchilloides,-0.1021595944191046,-0.05614541791936841,-0.2064687701832237,0.07815051750435427,0.03214182972131163,0.07841046579384062,-9.568556179699214e-34
Euneomys_mordax,0.03999969716437586,-0.1165163266969439,-0.2359243003997933,0.08663142155005386,0.06733272808242008,0.06706508218878567,-5.714454894216037e-33
Euryoryzomys_legatus,-0.11473137964082492,0.10770641289439478,-0.04845671469217407,-0.10999115983121277,-0.11937514910597745,0.033184890119906406,5.471870538287456e-33
Geoxus_annectens,0.004001301350404191,0.37346787613582505,-0.22913550608544792,-0.0652151386603875,0.2060957191834865,-0.04316336255670646,1.849961391377276e-34
Geoxus_valdivianus,-0.13886467173171751,0.24342893048614817,-0.2601736393643001,-0.04533984176888367,0.23951393914908525,-0.023166676715789647,3.518533615674118e-33
Graomys_griseoflavus,-0.10464448542652312,0.1391521765947248,0.018775254750605742,0.01299958153028144,-0.092800763780786,5.60014771099498e-4,4.700578234302956e-33
Irenomys_tarsalis,-0.03952181022228511,0.011656477377365792,-0.12274077403930565,0.07824892362524538,-0.059690668118705825,0.021508381120330624,-2.5287797363519128e-33
Juliomys_pictipes,-0.36668675460826533,-0.1569363142123397,-0.05861477258292471,-0.017267725906918864,0.01267353725773286,-0.009799014457132254,2.5582938055715846e-34
Kannabateomys_amblyonyx,0.6165830322351042,-0.2457339469386011,0.03302879851531304,0.21444381420585684,-0.12603548998785216,-0.07363917731822238,-6.410993113855075e-33
Lagidium_moreni,1.1917033760645819,0.2470796588265562,0.06487656690076717,0.12265592381207319,0.0511182207397222,0.04969087607210792,-3.264731083202906e-32
Lagidium_viscacia,1.1149776069078663,0.2209691197505466,-0.06284244206137793,0.2065395302762137,0.24723829282831006,0.07770480148771838,-1.650656532009285e-32
Lagostomus_maximus,1.5733350404487925,0.3011939413384186,-0.00929360965324409,-0.037708766152483295,0.10775930221338641,0.13670036576123018,3.446011481254726e-35
Loxodontomys_micropus,-0.12300772962960106,-0.015201007816204086,-0.23892978128526052,0.08670015820192137,-0.005626229730847516,0.08087751899213638,-2.266517019515404e-33
Microcavia_australis,0.5136133598249352,0.14332178263239198,0.4295586217419592,0.22655943660330122,0.1905643141568552,0.03738187733783325,7.278492058937664e-33
Myocastor_coypus,1.3572421541359556,-0.2528737795710496,-0.07441827544412118,0.04874181146840391,-0.03830983318883303,0.08478060593887761,-1.0710546215159873e-32
Necromys_lactens,-0.03385752248613024,-0.037759812973045266,-0.04170311359950713,0.011668247061493987,0.11834310983365248,-0.03739779250537934,-4.110971104426591e-34
Necromys_lasiurus,-0.048174441741097064,0.00218370482685291,0.1210837480431819,0.14797044246769955,0.10604074322674871,-0.033345590312335256,2.0622065551967667e-33
Nectomys_squamipes,0.15220753925312622,-0.04194266016422378,-0.13489837370073152,-0.08180835427768496,0.011663066771202903,-0.0023719619160106945,-1.1328355417519946e-33
Neotomys_ebriosus,-0.07259662599825996,-0.12816255041506588,-0.3550603510478403,0.11239184162544343,-0.08021075791202067,0.09040197090437486,-6.386998430577585e-33
Notiomys_edwardsii,-0.3491571700432768,0.1262892283621734,-0.10538612327242676,-0.15809471546830198,0.09576832152480677,0.09638564028079517,-2.9808844094041963e-33
Octodon_bridgesi,0.3639977504594607,-0.08210202953035663,-0.046689316083185016,0.1391110466567715,-0.15795543972972667,0.017230145557768847,9.172160689826347e-34
Octodon_degus,0.2833482524090798,-0.10229266986649893,0.025727903902506052,0.1504385905749733,-0.15301183622840836,0.01396533164333242,5.7609735279047115e-33
Octodon_lunatus,0.38995617291272844,-0.0918821746928425,0.007024035400947665,0.19340142366833532,-0.15022980901514224,0.021154399561732647,-7.667972305523815e-33
Octodon_ricardojeda,0.4063425450957121,-0.13350568421433315,-0.07751126781802628,0.14690768301630716,-0.1395012552051637,0.04117524509630739,5.6061624282460845e-33
Oxymycterus_rufus,0.22110960291360318,0.4041050107847809,0.1011725814252284,0.041606415392342694,0.12806312237937487,-0.05937007737930602,-6.049243949047935e-35
Paynomys_macronyx,0.03561256570867335,0.020963470300099016,-0.10954703660674667,0.022295825115430965,0.09320305677388667,0.020060929016269748,-2.1921942842203597e-33
Phyllotis_darwini,-0.052177911890698335,0.1410913822025045,-0.038803730118164306,0.002583286895963369,-0.049185642567281335,0.01094874214612236,3.108174522306638e-33
Reithrodon_auritus,0.1637382479470423,0.1407475753154156,0.012779240489963165,0.079822544488503,-0.10897994780466559,0.0690715439369692,5.036789977151635e-33
Scapteromys_aquaticus,0.24596166960228957,0.13701944080832662,-0.07248557013920262,-0.030926642529557413,0.0982612427408548,-0.062006840841436955,2.0686087048598532e-33
Spalacopus_cyanus,0.2474482197447163,-0.2559568243087601,-0.11420211617126241,0.02330262862011493,-0.07203751027283456,0.04656380827862134,-5.666862828404273e-33
Tapecomys_wolffsohni,-0.0465018044963443,-0.0066451135990798155,-0.028774156848146902,0.05514449588527393,-0.07599087918845601,0.0041376144302956806,1.9667834030843847e-33
Tympanoctomys_barrerae,0.1780445275303296,-0.08082270187673442,-0.32225305408723165,-0.062306671248178326,-0.06674568383553624,0.004667975108095087,-5.0519000202352565e-33
