sp,ACP,CBL,LR,ZB,BIT,LMT,HMC,HB,T,E,Vib,HF,FF,UM
Allactaga_balikunica,0.33112383104152193,0.06433376868503092,-1.2307167709796498,2.3459433573497317,-1.5165772239762867,0.4991892569111072,1.0173223570065195,-2.0084032215997283,0.24751775197115497,0.7775924460541385,1.4580520856620878,2.1638623585308845,-2.319342202697389,-0.07927926455639832
Allactaga_bullata,-0.09871629944322637,0.0548017573460045,-1.0395072942590293,2.150862787985655,-1.5167824309741365,0.6254959579911155,0.7872191216315065,-1.7630559591467956,-0.05073233877309053,0.48489383217638093,0.8295121786407207,2.0729163357972866,-1.8164238532497408,0.3376023534735986
Allactaga_elater,0.36290575963575844,0.00579719230308859,-2.6629659073155834,3.2240337614576293,-0.8047714085675793,0.5838024465438507,1.6121680622097112,-2.464102296310352,0.4123286927592694,1.22478226806397,0.8891196538058502,2.318572410719052,-2.256388054518918,-0.1415746470952345
Allactaga_major,-0.09871629944322637,-0.9078488233573455,-2.858326996945178,2.160578398041217,0.6999720896284867,0.6912921120515109,1.60542218660283,-1.142825452154292,0.5107809016379651,1.1056600582516407,-1.0650972945728854,2.8613810304978844,-1.8682372172832342,-0.12546892264055215
Allactaga_severtzovi,-0.16776696562674479,-0.4551912634577706,-1.8460792437408509,1.69846232590634,-0.6230596519029209,0.7972287125406767,1.5059678765341717,-1.6638135759834158,0.40403223653838766,1.5512840583413745,0.253531474331698,2.6100437160590166,-2.1912095140064114,-0.47195471347510487
Allactaga_sibirica,-0.06449680516649449,-0.030129443432725726,-1.455698935859549,2.2312438137722093,-1.2053910563332044,0.7211071127259713,0.9621261527744697,-2.2432237730016134,0.09906027901620916,1.0190859597805977,0.8633115040954876,2.108380982034576,-2.2658714374394266,0.2470999324153456
Allactaga_vinogradovi,0.2991667945191801,-0.05445376219235669,-2.610841230327757,2.7889082187091363,-0.7154896198516516,0.5873117774879453,1.8086588929519365,-1.7408258909141399,0.43399733602283724,1.0373150655901562,0.6594612961235563,2.1341614134532807,-2.4199038185978377,-0.09658162795842273
Allactaga_williamsi,0.26703270979987415,-0.3065425340479992,-2.4308102978176924,1.8284104886491863,-0.10160487048929737,0.8276043031049749,1.5895995733114265,-1.9421154331085326,0.35236272524837564,1.1716279608498494,0.11031173896371874,2.440119926651997,-2.2652543824588087,0.058690941131037386
Allactodipus_bobrinskii,-0.2729091943528136,0.026801952999965108,-2.2455488406254225,3.023727845577714,-0.5592590694726758,0.3981133883305318,1.0800319697865597,-1.7999578449861038,0.4264340302757031,-0.20989144570284027,1.6511638328840446,2.5999575902407432,-2.1470685432806924,0.006877827018536579
Allocricetulus_curtatus,-0.4890902709279316,0.12743626589388773,-0.45673190726742013,0.22388466638947682,0.46182846389745547,-1.5858491816010067,1.3558750922497855,1.5990202547189578,-2.678699564590043,0.4854797650427093,1.1655304655382572,-1.2961477401769157,1.0297278040911233,0.7867577483114147
Allocricetulus_eversmanni,0.20222547182713574,-0.12632876993582587,-1.0203709142363995,0.5526328077177193,0.9794837907475008,-1.6984306978523847,1.628462351603938,2.1285470668270485,-2.858162391606218,0.8662072402706424,0.6946389548610356,-0.9604765550005842,1.3763390283673036,0.46175307315025904
Apodemus_agrarius,-1.0676613058006696,0.2574337087687657,0.1140470182519673,-0.31476038776487564,0.017068118075756943,-0.43212995750762256,0.29587290641230996,0.9580354117609375,0.19961536477197148,-0.1709361492895835,-1.308651947658539,-0.4521460423087855,0.5462082111378124,0.01073683604263638
Apodemus_flavicollis,-1.2531182664484417,0.23138263412441057,0.36363174949441873,-0.029505512750455154,-0.31913207735748966,-0.6930970456993237,0.3189380544250944,-0.02403258468687733,0.45947473138565165,0.11802221328674799,-0.28788470803266936,-0.38966512773596435,0.7917881741638702,-0.5993116897393637
Apodemus_uralensis,-1.1906380846578175,0.4722620040171202,0.10317656159411366,0.12670115854704253,-0.32461234232173064,-0.8271559227774526,0.5527928603363906,-0.12378174244696231,0.29246243182487835,0.4229001242141129,-0.38709962743289383,-0.04920147176322466,0.7430334902017447,-0.6281949657810406
Arvicola_amphibius,3.6763055504416484,-1.6048867576087715,-2.394775002643851,-0.7238614382831944,2.161799059694957,1.6492154037387583,1.1957745718235613,1.0339730583620002,-0.2829098636054828,-1.1878992802019332,-1.6393766302264812,-0.6611080832894416,0.8357926037231553,1.099159662150257
Brachytarsomys_albicauda,0.02017896811053453,-0.3790515093303968,-1.3572019930875263,0.21663672972126582,0.5455004107996794,0.08315460047001551,1.346172840013427,0.8778731546083419,0.8432340861633782,-1.3637736927766904,0.38954306845688974,-1.699436447652881,0.6440319580279854,-0.24733913159398863
Brachyuromys_betsileoensis,0.42595189619641954,-0.9918393754966985,-1.0476368632790969,-0.07441676609463295,1.3152732264001474,0.21460981748706964,0.5911108049438779,0.7264315443568814,-0.6494429662982562,0.008835640007928523,-2.1193826841869634,-0.4416550004023114,0.30388155928026483,1.2025694360338888
Cardiocranius_paradoxus,-0.06449680516649449,0.16377504187010367,-0.8640305526431097,0.9475872505345215,-0.6145371394499316,0.5149204428336625,0.568233626607598,-2.1484379070725614,-0.15887761995624192,-1.501472821681595,1.4504778041149253,1.2794961911918417,-1.81261853113249,1.7423931127565435
Castor_fiber,3.363699991760116,-3.195667736527319,-2.00102374327954,-0.09142922248525054,2.1338292163106196,0.253019412165538,2.3798195958716404,1.1215127881408906,-0.19822148076925167,-3.2200325362431235,-3.041307334754063,2.8156019772219,2.2827515437053054,1.2460677702763254
Cricetulus_barabensis,-0.9076459864600843,0.7384989099035202,-0.01565178895032979,0.5191846164799061,-0.4035380451347685,-1.0774167869287874,0.5724878617851676,1.1552306819540699,-2.1322411969101935,0.8582003091808449,0.3178102023601795,-1.1688013711470817,0.6599347823359084,0.7635257747344298
Cricetulus_kamensis,-0.5074743986995481,0.04872957557188426,0.08956577574957608,0.049774558721445844,-0.6519424788666311,-0.2991910499290371,0.7367493149675497,0.9207817518041658,-1.3429216698500759,-0.1940981219656824,1.613978425387217,-0.7395746294800373,0.12092179635975574,0.36852598597430297
Cricetulus_longicaudatus,-0.7519269035687839,0.8475161854183616,-0.0354446211242875,0.3313299319392213,-0.6969398568809103,-0.6518219466050198,0.5933680606263961,0.618188781639429,-1.6140325458413882,0.7835602799993514,0.5554825268995952,-1.3313076932044903,0.5329866542464212,0.5608316575782739
Cricetulus_migratorius,0.20222547182713574,0.45639405944723405,-0.42808481577637625,-0.16057438754218042,0.63085779922803,-1.4755548767656006,1.141851991671002,1.4459326384518696,-2.0039798617543125,1.3385763137513877,0.99193461932262,-1.3175499165610856,1.22401210495448,-0.27729394494272985
Cricetulus_sokolovi,-0.5259169816657585,0.7942474726215406,0.07721386195001832,0.2594738476281062,-0.476702661056417,-1.0942473356388338,0.693906530712035,0.9348951584314766,-2.1181102419986084,1.0530441139538054,0.7688154684778332,-1.5300777248779496,0.23008207097780775,0.8140286697885631
Cricetus_cricetus,0.671499142226194,-0.3009235120624413,-1.0708019299831275,-0.37435637094666857,0.7709034206855123,-0.5663541550933564,1.696685304310415,1.5907726630269874,-2.124140805889195,0.6220761566343274,-0.5937400656452517,-0.20346957753337092,1.209541723320281,0.6201969665197087
Dendromus_insignis,-1.401577238186478,0.563810556461174,0.11460066626092758,-0.11284126622830015,-0.35733196935760914,-0.19125093690956457,0.12593489294792484,-0.4022278467322021,0.6010113153187082,0.3842751854934247,-0.576983939267848,0.006420816292435844,0.8196775423966872,-0.7334643870511665
Dendromus_melanotis,-1.1083645427077846,0.2129691240432274,0.2011588499316478,0.026163718767087018,0.17172673801798843,-0.5192456125811157,-0.13657930604428,-0.8883334004772303,0.31367664614205815,0.3623839799605807,-1.1894048720837525,-0.44372330692905615,0.2838578000787852,0.36252005525572073
Dendromus_mesomelas,-1.0676613058006696,0.5169714626650197,-0.31560430323430755,0.21230950429152673,0.47050912298493064,-0.9532839049393224,0.3600230965412663,-0.8185009208411741,0.6239126963288414,-0.08383550485372568,-0.7328313822032011,-0.34657876925179093,0.5071970739013141,0.005739165762418695
Dendromus_mystacalis,-0.7904664968972788,0.39820205675682346,-0.32820011279109634,0.2377424074767065,0.38021029357716485,-0.7330301530113397,0.32221396745734215,-0.7754863191611236,0.49325391342605807,0.3257194390610516,-1.408759109257181,-0.02635685108403999,0.6073248547521215,0.017839340378027063
Dipus_sagitta,-0.06449680516649449,-0.06729380754356029,-1.266997010963318,2.281874587959818,0.1350362501878868,-0.42093182307921434,0.34628156175389463,-2.2708654050364987,-0.053695278378119916,-1.1021883666883467,1.235219718155352,2.4016647215331646,-2.099011806569238,1.3747738674722867
Dryomys_nitedula,-1.3587712324139656,0.3246093576286305,-0.23797210056383006,1.0761468857953733,0.4703989289503791,-1.2481224911358522,-0.02329066919314135,0.5292040425024517,0.21634125655617822,-0.044327248672445765,-0.06825965305692554,-0.19167703888197152,0.7266831093687753,-0.621407359278319
Eliomys_quercinus,-2.182225360977,0.28153005771462414,0.44217506477460566,0.6368208704252363,0.004899450880318355,-0.8579828722316919,-0.5043387050108454,-0.10770700678864444,0.005477808701512864,0.4156650302866305,-0.20227234420043366,-0.20444894033130714,1.1960656471717939,-0.6286680256724765
Eliurus_minor,-0.41613097615839534,0.5281905781953679,0.380621482999024,0.048577431682812776,-0.49192264260306273,-1.1567373936210048,0.6529239849144295,-0.3714364069898794,0.2757034735549078,0.09021186482904478,1.1027183675569647,-1.1365392911373515,0.3927359777308181,-0.5157488531067459
Eliurus_myoxinus,-0.6566835901708576,0.9479994254484505,0.3209150049374328,-0.13570587524941,-0.49247484110452266,-1.3277783264118532,0.7835191993722627,-0.06366832463283545,0.5351056302418918,0.20845036825262783,1.0938493782953638,-1.0330167059787305,0.17019202921127377,-0.8555571567457407
Eliurus_tanala,-0.6002793778708644,0.7682349983414444,0.8075945133955277,-0.7272675818120254,-0.610082158998795,-1.2222656084479342,0.6734365730872451,-0.4869922358560915,0.7622016695970848,-0.3125438765347511,0.8659912130260459,-0.986113467656795,-0.09033602789946286,-0.3609206766857818
Eliurus_webbi,-0.6566835901708576,0.7688905204592423,1.0327630871753786,-0.16999061537839782,-1.0003057366298604,-1.2729523828008655,0.3760453390660467,-0.5486170788149455,0.7854435785195666,-0.3306866831097376,0.6621848613381986,-0.8895980282256738,0.1340460509566379,-0.3862467908477911
Eremodipus_lichtensteini,-0.16776696562674479,0.8328006452525084,-1.8104691596574822,2.179541310826822,-0.008713285798468313,0.3088539998194993,0.15166032718357927,-1.9079429052393182,0.25153323230929353,-1.0457998020971075,1.26849816737101,2.5017664166318907,-1.89016239130783,0.7936036478440067
Euchoreutes_naso,-0.13313887796066207,0.14441135970822214,0.3407673004340523,0.8277265047416776,-0.9762542290900815,-0.2336843112474217,0.009232935943267039,-3.1431037885876947,0.06362108038693572,1.5055068358241053,0.31019885017774795,0.3808361977680148,-2.2616183425304013,1.0403292248990932
Gymnuromys_roberti,-0.41613097615839534,0.3001959732521101,0.640816193534937,-0.23243254776633587,-0.5173328595292245,-1.0527621855566363,0.5643180501145824,0.04575160431607383,0.5737110710085845,-0.18955286703711283,0.5853443769621245,-0.10741334010584161,0.37571197659844013,-0.8083560614605702
Jaculus_blanfordi,0.33112383104152193,0.6819283650262676,-1.9715182883856013,2.8634162386425452,-0.41386063410722485,-0.9520047080992647,1.493967041341652,-2.154734210212027,0.28405232824458554,-0.5706525554116286,0.8563519910013956,2.591520273817361,-2.544895472488269,1.030407609249401
Macrotarsomys_bastardi,-0.6566835901708576,0.5558087763810929,0.9699967846709581,-0.03314297223236268,-1.1031062290352922,-0.9446403789854567,0.29605750405894987,-1.3623930004925286,0.561926928502377,0.7127119780635882,0.27542973837237944,-0.27724808510978416,-0.5068865379674737,-0.21587439590626803
Macrotarsomys_ingens,-0.3262037878950948,0.24230005580023103,1.3504797139249016,-0.1389329408327205,-0.9127681305081711,-1.9502652962797686,0.7332146715400509,-0.9134238115462313,0.9470388708022108,0.029518112481857626,0.35439832867958226,-0.2219726337796005,-0.13251490924188297,-0.5299428382917133
Mesocricetus_auratus,1.3245319164970297,-0.1756661838339,-0.4977931915325093,-0.2595667724847309,-0.5672020679863227,-0.582060937018466,2.0984590262523066,1.9123937802221735,-2.792429509940021,1.0682693010091755,0.7323977906923623,-0.9037463513349244,1.739914858101367,0.1623971416495649
Mesocricetus_brandti,0.9070721267982979,-0.9270918013421833,-0.5404700167372218,-0.980977289199868,1.5234099794868206,-1.212819459725435,1.5919193582207838,2.5346348054185763,-3.252497748248026,1.0473341416757564,0.7926615252067651,-1.3526521244878438,1.3552995263144483,0.6117226186408021
Mesocricetus_newtoni,0.10363634258965096,-0.7404385958436334,-0.7139431247482898,-0.7506838829827317,1.37772334836207,-0.5022172313779403,1.0629799792801964,1.8726637748066788,-2.7956169552034784,0.32402463035973744,0.7444349025984408,-1.2162057127946877,1.7076544721042188,0.7333068483068832
Mesocricetus_raddei,0.935857235287896,-1.1263767387554517,-1.065875083639538,-1.223627410393996,1.7893064029898842,-0.6147460104442165,1.8268392610675264,2.202172165283321,-2.664575666040836,1.005884327325323,-0.3979154486673352,-0.7486034177362223,1.6268671150379677,0.48881863657233166
Micromys_minutus,-0.3620075278564013,0.9430560122405051,-1.088023166915427,0.47329795578335965,-0.1657710939736827,0.059940496650387254,0.7375630994935354,-0.010791139322658348,0.2591186353581396,-0.09705071279966174,-1.0203223831981239,-0.12526396660566216,1.0484508896688012,-0.16259614338474102
Microtus_agrestis,2.7357710075713904,-0.907706651758418,-1.9741105165568968,-0.7122157143201617,1.194866806056527,1.718624213533189,1.1015501675059125,1.4512279190311377,-1.3538692951160822,-0.1362101140131366,-1.050347128595631,-0.5307472242623218,1.2714772685461522,0.7293361144363332
Microtus_arvalis,2.355116051898909,-0.7565531931108471,-1.971534353590501,-0.6476590637855145,1.380761356762713,1.4394366993217205,1.0225958114779103,1.4953323438438404,-1.1721725478245755,-0.2873883057097716,-1.3080556349544143,-0.6432048254900337,1.0389593641227621,0.8991534655386151
Microtus_levis,2.125829776812643,-0.6382456755918141,-2.0069183967579134,-0.7748655869725403,1.1124901297116097,1.7602487904478503,1.0828438689266535,1.4883611398843153,-1.0469471509854695,-0.35462992486227585,-1.1074641374486387,-0.6958006127095724,1.07774425588326,0.7408545250921631
Microtus_oeconomus,2.704104755362109,-0.8030714336882766,-1.9044801521803474,-1.1418055931508693,1.5811292120687728,1.5116515591015924,1.06022981957506,1.2444891679353411,-0.8106234970690677,-0.2392165416281551,-1.5971912705558027,-1.0002759559850405,0.9215420991754079,0.9298680410431834
Microtus_subterraneus,2.102394644098506,-0.8873640132265848,-1.896866969714098,-0.4526303736902935,1.4477254290132886,1.9252356820709045,0.3431130369803629,0.9733536418919443,-1.4143494049605863,-0.5551777253825817,-0.31049143447258165,-1.0796431732280887,0.7352447252485723,1.2947082268111987
Mus_musculus,-0.7711646905451371,0.5785776588721644,-0.2159528669087918,0.0219277932740785,-0.023715672444205138,-0.5157899510509238,0.4350416452876123,0.36568733415490845,0.20950309270634926,0.4022293354964091,-0.6143351424647652,-0.5279682954033107,0.144432934950544,-0.22291024120556396
Muscardinus_avellanarius,0.5500248079976074,-0.9267910843633337,-0.8589404047234853,-0.056386025283697454,0.11781088619499981,0.8981759965676661,0.8731088179632228,0.6567364277768979,0.19473288402873493,0.4664381925159267,0.5393227165680649,-1.1164656017240262,0.46541877719977853,-0.8627754124689981
Myodes_glareolus,1.8135289378483301,0.03221247903010131,-1.269764284103241,-0.46112617614753454,0.5945089292266468,0.9700384243229713,0.6466629121688187,0.8664621920855922,-0.516804182208088,0.04994571076422524,-0.20907021120180558,-0.74085704684575715,0.8681317898229345,-0.021344000683642325
Nesomys_audeberti,-0.9871018516696789,-0.039827215914144926,1.055813370143424,-0.0535158236466235,-1.0828752580502659,-0.6774252464934977,0.28007806807443936,-0.19800015908327714,0.17217819809722673,-0.6182742440506446,-0.5468862816916449,0.5351127528823278,0.34878863803434895,0.24144321494835788
Nesomys_rufus,-0.7904664968972788,0.0774703651587893,0.8935150420642467,0.18578576583621792,-1.402438849340107,-0.2780066213381716,0.22487945247580235,-0.013780754777550096,0.2242691140545942,-0.4321152654215307,-0.8047960586917855,0.6105495767180521,0.21971382763117633,0.16391979675225052
Ondatra_zibethicus,3.8177805508890192,-2.398289268202331,-1.7211228133347352,-1.0767922255292932,1.5558946531227766,1.1629937936194932,2.0286071094760043,0.7203378865119827,0.15291935939613283,-2.153449874643374,-2.3232885560518484,0.9109209377276212,1.0732624092654808,1.1983133753364748
Paradipus_ctenodactylus,0.935857235287896,-0.42469113916771734,-0.70277622772862,0.18008600864382432,-0.4053928993927429,0.42259277759026814,1.136507262072165,-2.6772454361842137,-0.05643311220965246,0.02873445807452574,0.617854310148783,2.1289449190474325,-1.71663026711438,1.0089464793233223
Phodopus_roborovskii,-0.9472378634373544,0.6908899934878544,-0.03288907012007638,0.3655383273344695,-0.9041476051836499,-0.8947614475192821,1.0840669852064582,1.4707132309871407,-3.681225285540635,1.3356895071210237,2.018908080609582,-1.43028904768779,0.968267954223211,0.8772056475196042
Phodopus_sungorus,0.03696678722858353,0.26045725778841,0.0968063553939966,0.1951638496181067,-0.4150569788888428,-1.2865061335145032,1.1385911076058903,1.4315826535016918,-3.4409938711433634,1.1475159983661025,0.97916291386741,-1.4365783568606476,1.2551871120770228,1.1278428545641683
Pteromys_volans,-0.6756075464556935,-0.8658950948460933,-1.601610664980661,0.8965388099526032,0.4508932952443622,0.336796780617139,1.3323479204341964,0.6042066883304086,-0.19416941404879534,-0.44619766754355294,0.580837439128194,0.4377955131831163,0.4019609691979956,-0.352357832127536
Pygeretmus_platyurus,1.1611355492868065,0.23313428831278726,-3.595131018911544,4.224552890486623,-1.5570276858110472,0.745199043540994,2.656118628502869,-1.0870535531646486,-0.19781488008354836,0.8610295878283908,1.0063038531667643,1.7911825562493495,-2.484683171526157,0.28208774498642075
Pygeretmus_pumilio,0.8781434510890732,0.026328551901195103,-2.706989936776294,3.942822038011579,-1.8019761182503897,0.47968701078641907,2.2240489045674505,-1.5253510651327875,0.3231334579469382,0.5112474068729913,1.2449167516175972,2.410241142084608,-2.591287825991285,-0.014465071588031593
Pygeretmus_zhitkovi,0.671499142226194,0.32548202700879064,-3.884196337385093,3.636676378579823,-0.7396063549746111,0.7564085898056478,2.6145542968830315,-1.5796213351374377,0.1351199926592089,1.5255164923337046,-0.14042907893808243,2.0239035692593026,-2.4617464724025275,0.2068754290729258
Rattus_norvegicus,-0.9274081434181368,0.44360082952973545,0.14184936046758934,-0.863183673277479,0.014899755032346406,-1.1087898173971094,1.1705258381523285,0.9808006623213059,0.2787534463071403,-0.9010705805836605,-0.5074777132103762,-0.00816808130930758,0.7914157498292459,-0.20828360429605172
Salpingotus_crassicauda,0.07039735502747403,0.04477679068626366,-0.6103485355861779,1.3617566539476034,-0.7833463421647484,0.19355493404187168,0.4274721372386457,-2.670639636359238,0.6457739829248729,-1.26219551275827,0.43319380934550256,0.3789183795530733,-1.7134398484835869,1.7429703566581725
Sciurus_vulgaris,-0.6378211753159213,-0.7976952168693667,-0.40753866775044384,0.8651052752539581,-1.6440801877882938,0.22055972420132314,1.8592429657112919,-0.6069078085525234,-0.3390961693043746,-0.4082080207865795,-1.5714143988733509,0.2878615878600828,-0.3543591065940322,1.5662821813841723
Sicista_betulina,-0.9472378634373544,1.4566867012408984,0.30037236559825325,0.25510251561884845,-0.8596264642232412,-0.6731687532556087,0.0032352773760569837,-0.4221776485487696,0.7505182648452402,0.30491369243906047,-1.4917921643434784,-0.07752697504302568,0.739055207432872,-0.3414971338791799
Sicista_caucasica,-1.665267530032067,0.9443013840650186,0.23862271919473108,-0.3804259171639502,-0.5359738643717187,0.1616484251391341,-0.20648264063390917,-0.5714752552071547,1.0244526469305066,0.018321838097995327,-1.6063058413896558,1.1844628395374233,1.0867266706528074,-0.801428067320588
Sicista_caudata,-1.274095459136934,0.9116021827124856,0.8346620352584109,-0.07359039748711316,-0.2802913412928615,-1.1754368490790277,-0.3183531951206451,-0.74515337367942,1.0739992674278798,0.18490054733033884,-0.6181782046567367,-0.32048534580013976,0.5355744139674743,-0.6533080507438144
Sicista_napaea,-1.2322166674110164,0.8160261882004917,-0.3283307794262503,0.10228363411461873,-0.08568031931744965,-0.1580685735487281,0.13508516438611498,-0.18494163471701375,0.8092952012109255,0.43692107303946265,-1.5736400525383996,-0.2537739096918787,1.1018438275590372,-0.649932419840072
Sicista_pseudonapaea,-1.316278826568867,0.7826568135676747,0.03552073015294007,0.0037202081465520223,-0.3481492229993752,-0.045223483845515874,-0.11945045977559302,-0.017403845765651318,0.9486880332977917,1.0419669171439603,-1.0259319781491882,0.21522112027723853,0.834143223530654,-1.4556882606992405
Sicista_subtilis,-1.274095459136934,0.6204439729878969,-0.300936264199966,-0.38833544768300987,0.13862799924645194,-0.09866328326845326,0.3008375597836684,-0.11204543646125611,0.34862969559197915,0.17808146751643514,-1.581876944374605,-0.4531837405079402,0.7205091292753724,0.11954544065690197
Sicista_tianshanica,-1.3587712324139656,0.9035403293005206,0.11858006877090137,-0.12172980126949348,-0.29149337949187337,-0.5021040731755577,0.1396716827442709,-0.48813883798785546,0.7948296612145059,0.538169695819907,-1.3098104884566864,-0.45043682287925985,0.8804844818140106,-0.5432648763691958
Stylodipus_andrewsi,0.234719604186525,-0.18061405383839252,-1.889763285413719,1.8594770621758656,-0.026725206432240484,0.04667122109156797,1.354115837878695,-1.441714993837656,0.1319240685333286,-1.4974548026268106,0.8971095246575588,2.204356628523522,-1.9019236479894623,1.2474775140013523
Tscherskia_triton,0.03696678722858353,0.44356282715841655,-0.28835308501740586,-0.06687701396681041,0.4304012794183154,-2.0620278759135444,1.6112035429872757,1.5585948319743739,-0.5642944081835618,0.4107410929571911,-0.6015904658851671,-0.7804146597623035,0.7528253142085826,-0.23072168565763918
Zapus_hudsonius,-0.5259169816657585,-0.35859857318156363,0.5328031134828518,-0.48828892161375587,-0.24969887882791655,-0.11949939976755404,0.18790017743766724,-1.0212802418238378,0.7356185730981813,-0.647094585920992,-0.784667666762157,1.357691650588566,0.13662742293476773,0.06391931613881399
Abeomelomys_sevia,0.32474649399869693,0.10474246226974562,-0.14796404196787305,-0.043476035437976845,-0.5231390813479048,0.6160866875070986,0.15710061958836927,-0.35575858000500443,1.0513946534862295,-0.13125786272587414,0.5335063741239348,-1.2946153738931137,-0.035293830546931665,-0.5704171334295052
Ammospermophilus_leucurus,-1.89689306203898,1.0406319061911264,-1.259653609605236,1.4908001146552858,0.5732596378838316,0.6198858951101566,-1.0968285617376445,0.10495239002999379,-0.8200968322964254,-1.3805042516722363,-0.830291978584037,0.8937622176510337,1.3171290628915353,1.0411991547359232
Anisomys_imitator,0.337494163868723,-0.4234938388450787,-0.03904601354823756,-0.6099219371616655,0.35674871826822957,-1.1442117998979298,1.4295683792583866,-0.40360971185769084,0.4913136131551479,-1.9223725526110726,0.5973866850760111,-0.7381911696960394,0.17419762991834586,0.7638503092117201
Baiomys_musculus,-0.5871969453251357,0.762730151109819,0.649666877665024,0.5651443171442472,-0.6103603230751826,-0.24979023308826034,-0.9481248101226186,-0.1016509597903463,-0.42339950287637723,0.41913404912915864,-0.47783388034722746,-0.48337440285149585,-0.21302730546733042,0.5946502928819776
Baiomys_taylori,-0.5928000893346564,0.678598488907549,0.1846522174743469,0.4930303107954549,-0.1465654914579048,-0.10522419210292434,-0.788185325964951,0.10751341981570926,-0.32170893843338966,0.5852855395026278,-0.17553763666582703,-0.29665108353966063,0.12430651904140684,-0.01905708146205235
Chaetodipus_baileyi,0.6398575683460482,0.6051940854001304,0.67894758681740075,1.2175875383887478,-0.11778108702806554,-1.2182164510348366,-1.0189330753500274,-0.9215805876157177,0.6407314277254189,-1.2723263387723553,0.5735844854381719,-0.057326386902816155,-0.7850234892176429,0.7034133128071384
Chaetodipus_intermedius,0.49761776171982247,0.6707395672004803,0.46516323837619994,1.1595558938715895,-0.36253158856173334,-0.40098455255206733,-1.1976606840713044,-0.8866428055102727,0.5063555219552062,-1.5947005747638623,0.6936014016631326,0.32380183083725095,-0.7316121347183049,0.8241723624955956
Chaetodipus_nelsoni,0.2573576659283138,1.0014676082192175,0.1571407606944758,1.1282293683499518,-0.6205880872992849,-0.030875728157072558,-1.004630319039823,-0.7301638023700329,0.5220640263852359,-1.2761890196379746,0.45030779379581704,0.03492505573918212,-0.6535049161338309,0.704314462038852
Chaetodipus_penicillatus,0.4102544916054585,0.5465563339930444,0.5669560724794839,0.99658298102365,-0.3724003711000454,-0.7083417051508047,-0.8594270337643407,-1.296188839886499,0.8463284414019816,-2.2801395055447493,0.8354578423649561,-0.16086977564399868,-0.3133718219708682,0.9814521716567927
Chiruromys_forbesi,1.2133774581211918,0.3616681300168465,-0.969112423640011,1.028503654814783,0.36364548868479885,-0.7210086815851859,0.6571663553116796,-0.317368815642602,1.033127754144546,-0.7006716237773941,0.9795443636358175,-0.9045143001910699,-0.15661895835980608,-0.4666810840430533
Chiruromys_lamia,0.8737916783781486,0.5680909164333817,-0.8309943868767701,1.0713471814208342,-0.09749856176390342,-0.6425525505779031,0.7056411100036746,-0.4710286526277469,0.799095113967445,-0.003528361867610469,1.1088606979488103,-1.10906149683261,-0.2647622660009189,-0.5829663531754324
Chiruromys_vates,0.7520793223785999,0.6815580991450633,-0.9542427047288774,1.1495092759281125,0.3438458662293717,-0.9258209833193146,0.5608231675320223,-0.7922272335074556,0.8227239885163604,-0.49888328944530824,1.1867206446098244,-1.2779376471347839,-0.4266007397030158,-0.08814738057049779
Cratogeomys_fumosus,1.5315857148802097,-2.0560288415641703,-0.38343686329152843,0.3801522869528001,3.0283907582161853,-1.814666188146374,0.022158773349125693,0.9923018979836074,-0.9270741000931619,-3.0501822115549824,-3.6857357667495707,-0.7328738165438996,1.3592206952467643,3.5104974064207632
Dipodomys_merriami,0.1891766756461065,0.18672881971687447,1.1105184783261284,0.1423418465919836,-0.7104907552472849,-1.2806472418537946,0.08609886270393716,-1.3907622199500964,0.6002659471917937,-1.2964796997919066,0.9310805294103206,1.1634091797835546,-1.9308654915810628,0.9757356447185107
Dipodomys_nelsoni,0.8766932229389689,-0.5416478593152946,0.3799534645097044,0.3314836225391589,0.8437928251341297,-1.5312038581121443,0.05165560681095353,-1.0860213800449392,0.6258426766139755,-1.5338536233394915,1.1331646776558053,1.4716797383670568,-2.1351524691806323,0.9028730573236744
Dipodomys_ordii,0.16954827296762126,0.1635175802454648,0.7683004815671471,0.3393572887840093,-0.08515373499858037,-1.150762545652481,-0.31651738627134407,-1.455665353127378,0.2698327334624182,-1.3073245690494741,0.8784915597991161,0.9167186972486888,-1.64947453703925,1.2567599452422904
Dipodomys_phillipsii,0.23309921377058943,0.1272154364071543,1.0260393519636717,-0.01777626829001243,-0.47663140988188607,-0.9432710225096369,-0.17882288935088356,-0.9595881882222775,0.514450011218158,-0.8893131862002969,1.0843081288207546,0.22787516154203463,-1.6923196778434368,0.7096782011371089
Glaucomys_volans,-0.19213022508602276,0.28094991682232917,-0.9039502510641105,1.6868246894514174,-1.1158233886154882,1.2909436261825686,-0.1905086022100081,-0.48244960594993025,-0.31739851434652566,-0.31607500169553937,0.4516328329948094,-0.8491630883722331,0.6564345965621745,0.3849588098080019
Habromys_ixtlani,-0.14350561433272996,0.30746777179218393,0.8099387712525179,-0.26476107896019746,0.03316731337812808,-0.07617682421478435,-1.0886104224155495,0.33999787114478286,0.61364002668074,0.6703888312279243,0.9907203554028982,0.2610285082887641,0.015417497476613147,-1.5993221748313986
Habromys_lophurus,0.671499142226194,-0.5380250768249945,0.4749713299150222,-0.10987500299992126,0.2580607463593644,0.4497482019493839,-0.9360858244986218,-0.2283382397944601,0.4899355317686005,0.848534860875965,1.1453882727499503,-1.3327564137783934,-0.33078083561851834,-0.855100712087976
Habromys_schmidlyi,-0.5074743986995481,0.47880138756820184,0.721114373535207,0.3262575276441369,-0.001605269362545915,-0.6479693430542774,-0.9613591556404103,-0.7997445051909766,0.2059639743503364,1.013018339424532,0.7701272699076624,-0.615378342295801,-0.14480741295537614,-0.6019479595687676
Habromys_simulatus,-0.09700052145227096,0.351259968631055,0.8479506480243728,0.291714330580625,-0.1686632998016638,-0.3338900402897599,-1.151863978069713,-0.7170332343598661,0.11190152519674856,0.4118450382619948,0.6041470197996933,-0.7975515151935498,-0.1202663450616274,-0.06964035332405286
Handleyomys_chapmani,0.39766590835434074,0.6331966380665789,0.909086317122065,0.5820151299944268,-0.5978027471319978,-1.0542692138288792,-0.5412423172267815,-0.04765509770643689,0.7425387706555444,0.2506622607699595,0.33727588921468665,0.8702345508471465,0.2885620504150484,-1.3066724289067135
Heteromys_desmarestianus,0.7193853787730689,0.05313490638010108,0.5237052217842654,-0.3386697520980189,0.12344728812397904,-0.5987266859948772,-0.10210674911648274,0.04395858084343547,0.8432337259182232,-0.41307494057326266,0.5906427246043631,0.9087013905356693,-0.13953405660187085,-0.9459864580062236
Heteromys_gaumeri,-0.08158131665301417,0.9665357814770638,0.9400915395071529,-0.06252623252058769,-0.6066801120413936,-0.6821953745384814,-0.6196543223343407,0.7687422101230554,0.889385534237399,-0.10753955535737536,0.5808207486796735,1.3782080501229916,-0.3915096192478833,-1.4610133254809612
Hydromys_chrysogaster,-2.2639020620451116,2.114711180745689,0.13534068952914768,0.011165942103884767,-0.16426622045407305,-0.008776076496686679,-1.2677764877881261,1.0438590647767676,0.6917319842022338,-1.6762930959788573,-1.0929628668199034,0.9513525259248445,0.13203954620755987,0.18750165565182952
Hyomys_goliath,0.4681239040648264,-1.5180174901142056,-0.9052716112037676,-1.830451520597102,2.6728055946629374,0.7337714299193792,0.1824060886506454,0.5442642923630346,0.4172857946526158,-1.5896978996235829,-0.23340606114285944,-1.248584460302744,-0.057330193504018065,0.8728796052725507
Leggadina_forresti,-1.33748611694483,0.6834361768306272,0.44143513962365905,0.11114268479483523,-1.5019779768719905,0.974456477272022,-0.46064538511492004,0.559698746384994,-0.008326394033904257,-0.04420392334133445,-0.27856282023826084,-1.3654043086512515,0.006992168349974329,0.3104027436069757
Leporillus_conditor,-0.49276243784775703,0.36438069720804944,0.7848158053368979,-1.2838377461932196,-1.655741747310312,1.7033319359618013,-0.20359205917202453,-0.2461179844143381,0.059572483551703664,1.005104026417134,0.03146337885403887,0.5098960810124074,-0.3163930809040356,-0.5816485158797371
Leptomys_elegans,-1.3289938936765058,1.2481846247018384,0.8078614924119581,-0.6294589393990354,0.605545517962066,0.4255280116012539,-2.393840904438926,0.32201825953029495,0.4373634935305608,-0.22543477442929047,1.1876063165698558,0.5270714566077469,0.4584803412772646,-1.252105529084397
Leptomys_ernstmayri,-2.487502459461659,0.8419382600593525,1.5798037102147833,-1.1117154629091985,0.24922629263887114,0.14162628771371127,-2.26416443884613,-0.2727759503772393,0.5935241765546435,0.44756998880937154,1.5735321068147337,0.8271546026984673,0.28349227696493534,-1.7450586832162938
Liomys_irroratus,0.3167649495217504,-0.11713167991436074,0.3587708413752728,-0.5167484451601873,0.011823130695872023,-0.058826056684796194,-0.006572054346391023,-0.3443984426244168,0.3873871692188245,-0.6424843370650848,-0.767670017701682,0.2564955768294282,-0.6535627855179905,0.7635059092429711
Liomys_pictus,0.010082903844919723,0.10705401060278151,0.424716334115849,-0.4601046449919082,-0.5483376462563698,0.5080663193043669,-0.21522948842241357,-0.8671561162715707,0.48042327932357876,-0.5415653192601222,-0.2830968093265513,0.24784525265956583,-0.5422699973082803,0.5575101774105475
Lorentzimys_nouhuysi,-0.34765949962171855,0.9563338552138975,0.030164880800250305,1.0161079479241824,-1.5580467294834839,-1.3544082910599804,1.4236530077673333,-1.5607986916402816,0.48062950267962945,0.3258594014696396,1.4048944583581642,-0.813822348598292,-0.30011701952654113,-0.2811422885287438
Mallomys_aroaensis,0.9873131539375644,-0.4938200804881646,-0.20620859007429715,-0.8345849601681841,-0.08660724793551468,1.65219592523132,-0.18463345433959436,0.34483210349765975,0.45425104309514663,-1.7841139894097826,0.2208188427665758,-1.0621222867124254,0.14100531975331115,0.692786166621834
Mastacomys_fuscus,0.2525140853077006,-1.8118203599901033,-0.40740970173335084,-1.2014004299040284,0.3945408599217335,1.804956457570613,0.5257097112172835,0.5302954002351286,-0.05093773171437828,0.15263040118459387,-1.096757378615041,-0.023440601364623448,-0.031999014836719075,0.25383537399305656
Mastomys_natalensis,0.0570482410657523,-0.13878187124873015,0.9032105676245624,-0.50677038138861,-1.2453436625155747,0.6073993141518055,-0.09324117676338493,1.4411344173430647,0.5847671949570019,0.6948695170274717,-0.4440844862797363,-0.24274755671411358,-0.373683792463425,-1.0599269773766362
Megadontomys_cryophilus,0.10032100242729472,0.15124764931850262,0.8724988114038101,-0.4657102940557738,-0.14603003218128746,0.5188036998700207,-1.285912523402658,0.27380503686556884,0.7541307017879018,0.7683204051846729,0.5220868081950605,-0.18617135332562487,-0.11960156522952,-1.3646131711302147
Megadontomys_nelsoni,0.3406767085061132,0.19778941664650854,0.9041373699682344,-0.2588126375926659,-0.47333340447905997,0.5877564810713161,-1.2441521356316794,-0.026518436339834955,0.7220049736407073,0.6310810608231048,0.6522296791155576,-0.4833271946047805,-0.07777940259593986,-1.1322493910098288
Megadontomys_thomasi,-0.06108593329159163,0.2822310902140638,0.8250373905585731,-0.2660340096250837,-0.3235193163318584,0.48974159645048426,-1.240610746480021,0.14153074292597856,0.6262840173676808,0.6264354587114785,0.33306735586517877,-0.49814779879293813,-0.23743242538485057,-0.8906961229681029
Melomys_burtoni,-0.9333499443025786,-0.5370547721799558,0.25828000491902886,-0.8392316851314614,-0.07135818324281112,0.693691194676719,0.03404663723142507,0.27228042529668833,0.5313009985374125,0.2593691136552096,-0.11829515557247709,0.1223426448795008,0.0022262744740435447,-0.7119306557606919
Melomys_capensis,0.15970910613638428,0.0156242387949295,0.01378685574610411,-0.832562797920547,-0.47957748956261215,0.886980953482956,0.28926584993119553,0.6945788590127612,0.651052254869377,0.04271465684692213,0.5823481188648852,-0.16717210639537392,-0.7919642574061665,-0.7102003506420863
Melomys_cervinipes,-0.08671649844583461,-0.4406508220061904,0.5154662941423096,-0.815155661498377,-0.5249419256482756,0.5750802080114149,0.16262231937096286,-0.004056153950354749,0.66776836028836,-0.2100675013377974,0.474541929966861,-0.5396824101207963,-0.025993577799984784,-0.5055427363155274
Melomys_leucogaster,0.19080938148549245,0.23033583302194743,-0.9035782312629798,-0.2488783231260128,-0.1428595585397131,0.9189657939365944,0.6467469435175458,0.3831416415135175,0.48196484359048336,-0.8451770438058813,0.3582299258502193,-0.25712313286938643,0.18110537314210207,-0.22295813694219466
Mesembriomys_gouldii,-1.2468398742177433,-0.5792086876692693,1.0241998308881115,-1.5876210630059682,0.10556452417754082,-0.19951498451226402,0.16550792834317848,-1.1124183869969735,0.260036243774553,-0.07109418552798415,-0.4963074744920618,-0.24922840921412853,0.4187204530093808,0.3396733922821137
Microtus_mexicanus,2.39432558044552,-0.9794984161645753,-1.569314196357794,-0.9059270831442264,1.754125474297127,1.6826962068119928,0.18438530457997157,1.374699636601287,-1.6180558933311442,0.3168316383642872,-0.2643881605052577,0.2154465107684599,0.8651165610364853,0.3479760706803529
Microtus_oaxacensis,2.4377062238927514,-1.2302614362464646,-1.7276994994199648,-0.8543971852972241,1.5727920239787214,1.9780973854939174,0.4348995295478705,1.6623695745271276,-1.6877066101888059,0.13964114735796193,-0.04499165443692742,-0.1425687055766935,0.5011254095524497,0.5758995998151207
Microtus_quasiater,2.2048083192670727,-0.5580383563717136,-1.8953884336555382,-0.5858288403876764,1.6643123611126984,1.5487136144196472,0.3664347350528021,1.8095068945062676,-2.5303725984477343,-0.17527795930650208,-0.8467903985683201,0.27498823593637933,0.9279769308304441,1.4949081324492381
Nelsonia_goldmani,0.9027420127814917,-0.7176888941655198,-0.017458638615469254,0.0737330253136637,0.4452234938139792,0.6514209143514916,-0.6451450208239942,0.21990638551584518,0.37082978704676356,0.9112361830231093,1.0113206773965722,0.08626785920262207,0.03607789454234324,-1.4596818779847054
Neotoma_albigula,1.053811945623314,-0.14862513257306295,-0.05111595611549841,-0.7167332019467407,0.5839595815261338,0.47194482171393265,-0.3153274608666002,0.7683641947449447,0.2705061452362544,0.6063125845477711,0.7607498045168475,-0.7595355929012325,-0.17875917889726195,-0.9548486318659078
Neotoma_goldmani,1.0326716447714053,-0.29572089886673225,0.08668282972615032,-0.8791633488180942,-0.02673083083994187,1.3083287116775757,-0.4325648268065515,0.599772595508435,0.3890893303705324,0.9875201348273678,1.3691593833463278,0.24412262274118224,0.07344206986112009,-1.8885476207211231
Neotoma_leucodon,0.7342691114876135,-0.5739300463892466,-0.3568514915745983,-0.8506955922605175,1.2720992657606398,0.5048151427930395,-0.25998612821465483,0.6632580563131476,-0.021090137347033643,0.6801427520590558,0.6660620223495225,-0.3293393212210371,-0.4123926157577799,-0.6709963226928919
Neotoma_mexicana,1.1680364275025426,-0.48563159943025525,0.021144363755034215,-0.6874849816782148,0.410721112582163,1.116887343709891,-0.6445973356775924,0.5679793883222661,0.40399745763628314,0.3222012256784298,0.39401592963683174,-0.7888238853516183,-0.21553894896922665,-0.6316305734185361
Neotomodon_alstoni,-0.5984086513730716,-0.06702993684155928,0.4295432096695883,-0.3582528393104656,0.636273936056315,0.267276803296603,-1.1809594523069231,-0.15920444660633024,-0.13776617252276133,0.536896521690203,0.4075499544731937,0.00971071751680892,-0.3641969781235656,-0.16281569257916376
Notomys_alexis,-1.1124506206901732,0.2376461140553897,1.0873149082788724,0.34728433134000525,-1.7044872197950502,0.583620531358076,-0.7317318649360759,-1.35682572923534,0.6416289700278884,0.4182020668558864,0.5045745326952327,1.7955764488370025,-1.308532977971207,-0.40057722674275403
Notomys_cervinus,-0.19387438010025326,0.461379990736868,0.7882026044022569,0.5260201316346216,-1.9295070729619714,0.4330238841023903,-0.21293521617795516,-0.19542254999125622,0.7069196468611411,1.4950403095788187,0.17077072341637475,1.607448889153792,-1.7491572280597782,-1.1653685145256394
Notomys_fuscus,-0.6359383032149467,0.37582836023358446,0.65524265244104,0.6753040299618237,-1.7459798097003354,0.6959314384346186,-0.5097157802602966,-1.4394915324840656,0.43982547076170136,0.9928803353804948,0.7942308735443092,0.9734150719950502,-1.971916569680693,-0.14246695896653824
Notomys_mitchellii,-0.8702823849153187,0.6406058259252283,1.2059578772613677,-0.3575501536481612,-1.5310479795222585,0.2538396388354964,-0.4839602956187069,-1.0269685010086775,0.6274188934617627,0.8443516055793515,0.8282511631681614,1.0659815414595712,-1.5608518945016243,-0.6057931746491837
Nyctomys_sumichrasti,0.5484901638674426,0.16522013781107694,-0.21843572274528655,0.6561894891411436,0.3331847751719988,-0.43347735296004075,-0.2325612081346004,0.20067231391277163,0.5133182564636802,0.4513593225240656,0.9453756857018905,-0.9358467476949898,0.270409552481013,-1.0951797083035968
Oligoryzomys_fulvescens,0.34544725363271755,0.47114374865068664,0.7107575225839068,0.35618000165262953,-0.4380273812752407,-0.8862547660164856,-0.3086450384862962,0.006754285439586279,0.7095038494910348,0.3431223211938821,0.2507983260687567,0.1376879363931982,0.31426947791706844,-1.1297715972508338
Onychomys_arenicola,-0.7500066296045058,1.1533848213098623,0.8332326351763492,0.5105361946644477,0.009821465057403451,-0.4910302969815861,-1.8074108197684016,-0.3009196069300826,-0.734399198946855,0.8635413622348734,0.5306067709398546,-0.6528314670437737,0.16560347001587472,0.09324758489211107
Onychomys_leucogaster,-0.44520465836661116,0.5234493039076257,0.9451432185073513,-0.06460617931920934,0.1596702853642864,-0.16316466703331964,-1.6073519095342121,0.27637248947967447,-0.6684081770113396,0.6992961800504937,-0.3284423650589735,-0.7508248541529337,0.10434748961730715,0.3499237579003613
Oryzomys_couesi,0.605003299782554,0.1775150044639233,0.24485080931359082,0.09086203026553455,0.45353639542301694,-0.664898392249145,-0.38103175464298084,0.03984689099553437,0.8554544914998012,-0.1302670418078578,-0.42268107787082254,0.9016711621413374,0.7892671850853473,-1.1085175832072718
Osgoodomys_banderanus,-0.09871629944322637,0.586618009806931,1.027589691924528,-0.10500776013822666,-0.35082030939348974,-0.810225756708185,-0.6321228272594894,0.15365733622268316,0.38467139539320583,0.7379506016641919,0.7593147862567061,-0.5539953445742217,-0.38298483278887063,-0.8588817959264229
Otonyctomys_hatti,0.5943537722812001,0.42512523227619664,-0.02700319593920134,0.49301974189883363,0.12461998101517059,-0.6020035493125928,-0.16959121096263557,0.5244645348482229,0.7441046823444316,-0.22954659504894673,1.1675642928109555,-0.6868471760418737,-0.060702020095798344,-1.0160467807737976
Ototylomys_phyllotis,0.9787688055383158,0.6066724134480757,0.6517984134838928,0.1338453229568024,-0.8935962326022937,0.7327870093070782,-1.1290025678470808,0.34376439794244773,0.35509864987310397,0.5995265793542065,0.5837437483678571,-0.8028311916522324,-0.16147290282980237,-0.7783628999424164
Perognathus_flavus,0.40238982944303614,0.6310530594279941,0.6083734897182052,1.3800651745181507,-0.5782475169551624,-0.9576403108531122,-0.8243922920692643,-0.8365824157114509,3.640991931416892e-4,-1.225877172377977,0.5847213427811533,0.23002745996115131,-0.46818964904627924,0.9725284388933736
Perognathus_merriami,0.4228158120669655,0.6174844429337863,0.6826571492883201,1.4701715401739885,-0.0308597683577947,-1.6377262764015674,-0.9334544701852321,-0.87004351995917,0.13190850698936962,-1.612040389655038,0.25370436720966544,0.14486903141301444,0.014100392145838065,1.0542221018707123
Peromyscus_aztecus,-0.10214937883088807,0.18061269806431052,0.7553081652681932,0.005033447512614013,-0.2386064388027591,-0.014228254691384614,-0.9206995240352629,-0.11897994796185803,0.4323625825500325,0.5109125822456524,0.9289411584133398,-0.5096468913316974,0.04464180660056106,-0.941401277331981
Peromyscus_beatae,-0.544418392747413,0.45166114500400034,0.9136353783195083,-0.004924180170202141,-0.17531530056320857,-0.16019319841180726,-1.2289204881136742,-0.16460377694428815,0.30396619313989415,0.7159000976730677,0.7620814628774886,-0.6271291646652455,-0.057994155138863655,-0.7838169157792555
Peromyscus_eremicus,-0.32441938934045167,0.5404899700534023,0.8030857032020228,0.25924168558124916,-0.17066641016070352,-0.6375503905216963,-0.9006973261124324,-0.6084759517985721,0.4898797952314665,0.4489301462286412,0.7640550986878845,-1.014099426977716,-0.5315489652220204,-0.286546113447009
Peromyscus_furvus,0.013450211606332342,0.4746726057823984,1.1383577124185411,-0.20291318841293302,-0.3802937964567693,-0.4221191492429883,-0.9672147835321128,0.22867087446997028,0.47405906441776136,0.4596063767449157,0.6680539829208669,0.03500790460111374,-0.07752323822605238,-1.0564493310720986
Peromyscus_gratus,-0.4671059586095261,0.6457077795755047,1.036764033468931,0.06567694969165436,-0.3593068726042334,-0.4386892435773189,-1.1334411409136933,-0.3174744440629353,0.504441167031117,0.9765919649097311,0.8836175584996164,-0.49511445416018135,-0.5137957367580583,-0.9391083809564199
Peromyscus_guatemalensis,-0.14177653771950077,0.45693717563087993,1.138605036193909,-0.06552778377620753,-0.13133775056521915,-0.42805341409960235,-1.3077522503600734,-0.31421388027996183,0.6432971961199359,0.6633884227938593,0.689763321235596,0.24798426446240948,-0.1943038936333935,-1.1337443350046408
Peromyscus_hylocetes,-0.44702661140691613,0.33657074087753985,1.0305762569841355,-0.0924857337054087,-0.5718301662415881,0.22292593527785365,-1.2022214357487548,0.19950876415505997,0.4663312721367816,1.0128672308436373,0.8241671261841753,-0.02524151541310749,0.2001360788071928,-1.5606900088797973
Peromyscus_leucopus,-0.1956190597512861,0.9246297639319219,1.1264262745425044,0.022237496366378628,-0.4664028545389896,-0.7028798957470567,-1.0453836250859492,-0.22612442332630622,0.37154449484349694,0.8504275715185977,0.7981698933558284,-0.33032561492163715,-0.03464777466621299,-1.009687650303735
Peromyscus_levipes,-0.4016486029511075,0.35737017871519644,0.9009146402168404,0.1620893373873838,-0.27246258241630006,-0.18815134106578588,-1.1580002751093128,-0.10508271626678668,0.44789271023146204,0.805724764768669,0.918252374695128,-0.07709601373511929,-0.03345544215164863,-1.2185998002526732
Peromyscus_maniculatus,-0.6152669506962458,1.0624617398320577,0.7729165105693917,0.3510893679706102,-0.5684352679333151,-0.05659724564487455,-1.3525475797462698,-0.15969465711349484,-0.1982747100538266,1.157708955923853,1.0205728996574226,0.24142625026345102,0.06471556531287327,-1.025992684839953
Peromyscus_megalops,-0.48542042742927916,0.4454398596459018,1.0469955559540929,-0.27371497305282355,-0.10251670334830393,-0.36938254188665304,-1.0966103376120686,-0.08259343253747617,0.4789189497179975,0.5275967998188533,0.8638068405345602,-0.35128429217073365,-0.12538416977281147,-0.9417928572655136
Peromyscus_melanocarpus,-0.04236190763502232,0.5869813155197185,1.1370064978644423,-0.16122667599677074,-0.3353187466411676,-0.39964115411084533,-1.1285146709478073,0.006888273691818614,0.411609826247886,0.5622898347294815,0.7448679117528145,-0.0688271367162129,-0.01229017027629792,-1.0153726299709376
Peromyscus_melanophrys,-0.42157120240320306,0.6677674664478249,0.5374697145182277,-0.04926254360861613,0.49614612212916137,-1.080841237726382,-0.646006943616278,-0.06734802180578146,0.6926130392563751,0.8822691220482017,0.9796188647597154,-0.49498438627190744,-0.3159469630329079,-1.2769487143945542
Peromyscus_melanotis,-0.6983980962343006,0.5184649902041456,1.2869842653293224,0.060466684283833054,-0.3739131346429759,-0.6002943360528923,-1.2477976933991206,-0.15299456221235444,-0.14938923037864796,0.9716786794873402,0.5914954049441942,-0.2761264237084427,-0.1705745555899409,-0.5163232156083761
Peromyscus_mexicanus,0.0687303949768784,0.34713393677977944,0.853981097717471,-0.12303333237585572,-0.21945509898866902,-0.37418439993202757,-0.7574394375652123,0.19830670565673553,0.5002733349542925,0.5790218262245898,1.2272671301160019,-0.341752690998514,0.09477752741743724,-1.3667806669837712
Peromyscus_ochraventer,-0.2923937330662424,0.27611552678543466,0.9891945801786872,-0.2989515199226075,-0.04364548677420392,-0.47416909078710745,-0.8621395753282152,-0.04518045633297224,0.7126167231178773,0.4847158971124994,0.908167111641892,-0.20690900145286473,-0.13668316704349245,-1.1882595585976883
Peromyscus_pectoralis,-0.3048271514524601,0.684099580788872,0.8311196056269455,0.3135213645841041,-0.19671627512981632,-0.799172221828753,-0.8941086109041563,-0.6476982346560965,0.6553041022409053,0.8701515633524383,0.5278757057945754,-0.5968876379571987,-0.39841187947735796,-0.7460536654219622
Peromyscus_perfulvus,-0.24820498165344063,0.23104148064990884,0.26403372920764984,0.3016817591207027,0.4943526559519214,-1.0978081384572296,-0.2513548872954778,-0.017640387192761946,0.6178801545371163,0.5602170989951393,0.5969534117033163,-0.9084049422700647,0.024321666383251634,-0.9079982621572471
Peromyscus_schmidlyi,-0.6021507079261759,0.6235957526968473,0.9879931171312649,0.1486591577587211,-0.5696716644774749,-0.12002129780528879,-1.1871016538468893,-0.28797404550611133,0.30782398468533495,0.8810986723036007,1.2007093491887868,-0.2815029826102745,0.08609252809656333,-1.1968758940800641
Peromyscus_spicilegus,-0.08671649844583461,0.32792731159803595,0.7570170818557601,0.034255846451284155,0.0277405003524624,-0.26905929689529956,-1.0729170478218721,0.16260203650218177,0.485478391783081,0.655138572241892,1.2883562940814908,-0.008302335262060525,-0.19575953374759533,-1.369940923285034
Peromyscus_zarhynchus,-1.1740897497346094,0.5122415949509458,0.9943311627260354,0.21873147518220218,-1.5926181326715545,0.9977399959756464,-1.1500799618408628,-0.2910050505763404,0.37333872262827955,0.5874618359915885,1.040561491827988,0.1901172550429857,-0.3862022184462225,-0.910473432012808
Pogonomys_macrourus,-0.17471746071386343,-0.2920257714751396,0.3721278193613394,-0.23274937596688822,-0.040379508656867055,0.4329140442298279,-0.5253488928202106,0.4242606081596199,1.2795966320684002,-0.4137207907465623,1.558683224313526,-1.8860174570114194,-0.259411750857999,-1.0877996212066274
Pseudohydromys_ellermani,-1.9203376673466972,4.904097124369842,-0.18589937695023687,1.39822998592638,3.6537519652903727,-7.502539302965158,-0.6431359634849874,0.21183596752852282,0.5219537944619929,-0.9311858278299198,-0.8255577702238198,-0.41138709735277357,0.30724546905668315,0.3700634651459015
Pseudohydromys_murinus,-2.939904060796859,2.7487233159845994,0.30285194107528357,-0.32067523762099603,0.7632517420412767,-0.6820023511981478,-1.962019743319344,-0.3162895959186247,0.6231532796305252,-0.33773939737677405,0.3537206703143168,0.18096042473130586,-0.00357317399964317,-0.42023816756540383
Pseudomys_australis,-1.2635973794273538,0.8855517552743057,0.524072682470351,-0.5843048250518853,-1.2763024766206892,0.9998921834995879,-0.4229209304413115,-0.4551987999919797,0.059125332641897274,0.7350321628549693,0.3302878468926857,0.029867181534121857,-0.1723286934135948,-0.4030586978608109
Pseudomys_bolami,-0.7615378211880567,1.4316508445679972,0.5119639129420427,0.8178463735503814,-2.239816008619556,0.5409286386614665,-0.39604763100251783,-0.7982376244530718,0.6233010742621914,1.0198429122489097,-0.24675394988573054,0.35871313992971116,-0.6706878144685569,-0.5419674266917449
Pseudomys_delicatulus,-1.0212030001336492,0.5693336395502195,1.2541990268540506,-0.5621298776539262,-1.5224058488880048,0.851635741012188,-0.9011428620265849,-0.1568417746128143,0.4266099970954294,0.5753730516910102,-0.2008961247432837,0.260900171901832,-0.5545584417432634,-0.3915995941041832
Pseudomys_gracilicaudatus,-0.028782299544779854,-0.3996273956125642,-0.10910416351375453,-0.912852779720769,0.561539085572601,0.48444320610478525,0.07342143724906441,0.47967040671304045,0.4495607183564798,0.3552843800164844,-1.3415990265001818,0.8484362918694947,-0.16491638078912585,-0.3566337913925859
Pseudomys_hermannsburgensis,-0.7846692076029363,1.2228774615651623,0.6314354078458283,0.009875415972264575,-1.353106057303241,0.5021425844111688,-0.6961906699004976,-0.21943205420513529,0.7221369275726494,0.6705737231682106,-0.3332894228911869,-0.03448236890786455,-1.0583121242299394,-0.31181906559104006
Pseudomys_higginsi,-0.41613097615839534,0.04716015792014629,1.100096522135513,-0.4211078756309399,-0.8400676604544108,0.08020334810696818,-0.4823448129820638,-0.3755910445351324,0.46019478115904683,-6.314055913260926e-4,0.22156467628829657,0.42443639779382764,-0.09183367805507177,-0.4287729368884302
Pseudomys_novaehollandiae,-0.6284129210939394,1.0478366709903315,0.7701644003157725,-0.13380712637765468,-1.1678352945870716,0.23237349914188973,-0.626219546994981,-0.5803437415491443,0.5354972297669185,0.4284749265941597,0.3668594423619249,0.39191574912625743,-0.3789447101888074,-0.6020999784150514
Rattus_exulans,0.2573576659283138,0.38552411145838617,0.4077174461615206,-0.1204930715564631,-0.9751561672527431,0.17340527342803944,0.12186016912101966,0.6202745348955282,0.581915431485423,-0.28320634956791246,-0.2890071355671162,-0.47913752775892554,-0.23178144911682733,-0.2086220928142748
Rattus_fuscipes,-1.1989299909393898,-0.07247825593887827,1.445459428917074,-1.226677345374722,-0.359496988105736,-0.3495496004734007,-0.3927608501546,0.3832987087371684,0.27942390824877955,0.38596275248579387,0.7008551955086015,0.68153978600671,0.15405412558811943,-1.1984893158065748
Rattus_leucopus,-0.8273178369334969,0.2970643846393984,1.7588204596602202,-1.4608138847338297,-0.23846144685604512,-0.5222465410328584,-0.8429555078553467,0.5683319731287884,0.553276969675526,-0.12050373980544014,0.0870090396913332,0.019019672670749686,0.2224783588291169,-0.7769755423725845
Rattus_lutreolus,-0.18864348770652695,-0.7754568932820705,0.42714787023133666,-1.211951611220472,0.7075502800176084,0.3260541929150512,-0.2422521602326826,0.3999774179749466,-0.2757902828360676,-0.2106865931948881,-1.6967871721233978,-0.5348480308541764,0.0509357761161377,1.0917913800411445
Rattus_rattus,-0.5518355132672647,0.6308652689662679,0.3748680995885026,-0.4693219714339283,-0.6298236895572342,-0.13811551444685244,0.2167948928935351,0.329663490367179,0.9558355680937285,-0.22426968385389168,-0.021327952588338153,-0.47013701765904387,-0.1483102500493866,-0.620061533054921
Rattus_richardsoni,-1.6877925581710331,0.7819157008142147,0.8863283815299668,-1.0561102269399358,-0.3539502854015959,0.2782839174591156,-0.8040872443790005,-0.8472748721921278,0.14095858971883213,0.2356385589596654,0.1460338485356269,-0.10807560968961819,-0.7921885614213354,0.39115651495945386
Rattus_sordidus,-0.419757226639826,-0.1563049241355608,-0.38040018642470114,-0.9220340136793692,0.8572391283838535,0.5585768997802751,-0.04621548921423752,1.143366312582408,0.3509132958327543,-0.2822261797280323,-1.339863258254791,0.0203719321718624,0.02379794504268556,0.00279359729581198
Rattus_tanezumi,-0.20260303104195684,-0.12936182517525405,0.4615480104506968,-0.36005722613313135,-0.4511275156421604,-0.24652323067489348,0.3751059554507041,0.752607535514647,0.8457399908856236,-0.15532514633387812,-0.1401167608712763,-0.1462642303842114,-0.43875662157222844,-0.63015103116766
Rattus_tiomanicus,-0.5351603102452919,0.39822824839666293,0.491814695948698,-1.1964851700771229,-0.2831577071161759,-0.20501292517551298,0.4458177165209595,-0.05854387902090756,1.027484284131646,-0.7448863433286617,-0.276523905827379,0.009758897001985796,0.23543643390452815,-0.40786644702034974
Rattus_tunneyi,0.3613207924292507,-0.6195207839119156,-0.2394769591236187,-0.6441190730027245,0.6641039418325422,0.5447447469133011,0.02575105973468643,0.4687299284135894,0.24033687980002996,-0.24686872197670384,-0.9224907507126526,-0.33546315873347166,-0.31021205095563303,0.4051570483907544
Rattus_villosissimus,-0.5314612109769773,-0.1896681447600194,0.5449291107803735,-1.4471695481183777,0.2744819128614658,0.28971218219826506,-0.10370012209605328,0.1631211339742293,0.5277895326125492,-0.02967940206167244,-1.0134337692973452,-0.09482674037932584,0.025878322716655064,-0.04329334612187199
Reithrodontomys_bakeri,-0.6152669506962458,0.5848194394838178,0.002145110986182622,0.49244958622022655,1.1129063063140885,-0.840759737417305,-1.091386056328449,-0.49110351028776383,0.9120325211136833,0.8986120890554641,0.4798846460697198,-0.7879838450831396,0.7842832288657716,-1.5244554916881248
Reithrodontomys_chrysopsis,-0.18515884509277952,0.12485446105660228,0.4662097991811535,0.036358235156809596,-0.19708760079996646,-0.18869444940603275,-0.38926787300595356,0.06299244447027216,0.7377609770107311,1.0020343018406355,-0.2814735742909374,-0.06908860098820523,-0.04936960038184226,-1.120462355171792
Reithrodontomys_fulvescens,-0.0730327705866076,0.16099347036605255,0.5539115724154077,-0.17568359563976277,0.4460560709544969,-0.3188458363331062,-0.9092186609369931,-0.7724298089499885,0.7439068790984656,0.6393035673837064,-0.2681935416642329,-0.06700886970986117,-0.08516340523712508,-0.569658662469688
Reithrodontomys_megalotis,-0.1956190597512861,0.13271349507928384,0.36783913387012834,0.15010005407375324,0.4986814396181411,-0.34862181041314205,-0.9025063582345637,-0.7332128336973792,0.4892084857995352,0.5588478245720615,-0.877482592372303,0.3345441382726771,-0.02900401762637806,-0.17719571896481967
Reithrodontomys_mexicanus,-0.047462468528970694,0.2423609954050045,0.4819496145846393,0.3214056403066755,0.1659475354060166,-0.585308713942866,-0.7074583839966888,-0.6631968618086462,0.8174428345130952,0.7853545494380647,0.7249238078277388,-0.3385907258294661,-0.060603371649530315,-1.1444289656175075
Reithrodontomys_microdon,-0.5074743986995481,0.5484377417326174,0.30078359627583784,0.5164365270766378,0.015571670646444965,-0.2217116324796377,-0.9529024638155583,-1.041046769246992,0.7014726126467337,0.986375474337552,0.07405296009771903,-0.6232423283964917,-0.3028989425929257,-0.5417496011859159
Reithrodontomys_tenuirostris,-0.3872023004491732,0.33334643036268796,0.6409597076171996,0.0240610090561372,0.4179127127125499,-0.5291495320402323,-1.066671595456229,-0.6759921921900346,0.7026596714711275,0.6883756305738779,0.6902335122464444,-0.6489711069745507,-0.3178411680875253,-0.7599916342343852
Rheomys_mexicanus,-0.4506722353208543,1.4157404766800374,-0.4517590639757333,0.7242823964302929,-1.074069790606915,0.9394496352193025,-0.4959473982704739,1.193181834146189,0.6453494213189335,-2.463021293509758,-1.1691276213276196,1.5723576760570395,-0.5572797245193571,0.8392867963093029
Sciurus_aureogaster,-0.49643693113259163,-0.2827565239142665,-0.6000489886225329,0.8867885677113024,-1.004105569882632,1.132935526039813,0.34424836847376045,-0.3468146002609791,0.1984792937969334,-0.9887879261873013,-1.6202306104193043,-0.8977562154110702,1.1858238422011682,0.9820336805052859
Sciurus_oculatus,-0.9392978383012852,-0.41437667610851947,-0.05423254209835468,0.9429108422912291,-1.3345808188997668,0.49113739963788416,0.5204118100892182,-0.6871102854195305,0.049647707666557156,-1.0147720282888602,-1.2503605101720774,-0.22095425541102898,0.5177849377095457,1.221431602739981
Scotinomys_teguina,-0.10386668082896137,-0.020745860471623315,0.5388365848137219,-0.24622945510976113,-0.32657353549781104,0.5845859757972806,-0.7558511237554026,-0.25851597880732885,-0.5392408036112935,0.550098537120251,-0.9430488906627963,-0.3271101795089208,0.33639039241468927,0.5850596967380733
Sigmodon_arizonae,1.1265074616207262,-1.0232177607957271,-0.14028270143908605,-0.07140837113419779,0.7416452173354126,0.16545509747989698,-0.04705568061249967,-0.5192630146679067,0.21902448814646414,-0.19559773502302502,-1.1395505156964243,0.5555741356327171,-0.3382844554818711,0.640772201599391
Sigmodon_leucotis,1.0495900450685067,-0.5811037927654488,-0.2487135941003504,-0.046228682402834564,1.0078542723163626,-0.03785510191449684,-0.26023340133922984,0.7081197322372039,0.15902863311683207,0.46288210996463536,-1.229179851958848,0.3179871788466229,0.08180206266114634,-0.2766863037979528
Sigmodon_mascotensis,0.7535610409857435,-0.3130843176922049,0.020384714944918756,-0.046405707793979095,0.9013712081848402,-0.4717258171688986,-0.29980673987215495,0.5525893621229768,0.34143243535185913,0.2319180709114646,-1.6123602020601866,-0.4587324244633807,-0.4796018812347806,0.407938811261773
Otospermophilus_variegatus,-1.2405682706626162,-0.7917723644950813,-0.8815828524095268,0.9532866815431033,0.19269458250658172,1.2353697599124454,-0.3145052269519149,0.3220472648131287,-0.015700946214399998,-1.3428672879013241,-1.8935645466909865,-0.5216717065405994,0.8371987831952636,1.3098231196635743
Coendou_mexicanus,0.2119928400451349,-0.021733973177139133,-2.3808789841996885,0.314147823670397,-0.16116431307416396,2.199817116325698,1.3227052867745674,1.3353367965699172,-0.5062234180040214,-2.2757447775159747,-1.1485389504126635,-1.7430316000028951,0.8115264813497942,1.935783437540234
Tylomys_nudicaudus,0.8432375034763007,0.47528561051771495,-0.3184522913056513,0.06495474851568879,-0.17309295003284317,0.6919445373289131,-0.3248344124812885,1.0525772681909773,0.6285726956427178,-0.27123701008325735,0.5024119464956932,-1.310960877164763,0.23146068856472027,-0.7636857584303065
Uromys_caudimaculatus,-0.1159020526269928,-0.4686893405673502,0.791536012722191,-1.3428409745727055,-0.22780796282021212,0.15592683944508448,0.262877664960036,0.05583007861333194,0.5956221110360801,-0.9021292855005404,0.21524711042127698,-0.6185510817431902,0.18708894034279658,-0.001877412713253734
Xenuromys_barbatus,-0.010162099103516646,0.3173178303939922,0.8712533756395549,-1.9131010494660154,0.0839470840155493,0.30817079225908606,-0.3339268457163707,0.4241680858507668,0.14484446460412295,-1.3829448402919735,2.1363050291863015,-0.49266094346681655,0.10762297295299665,-0.30362554414885234
Zyzomys_argurus,-0.8918845978044324,0.6414488295103147,1.3038886360213466,-0.4147129325131041,-1.7381727987474371,0.47842291145973626,-0.5711445203097988,-0.007260906270602484,0.5125325321292699,0.217378828859956,1.2726049818419767,-0.5836137480837993,-0.5367828926289658,-0.7366704867913934
Abrawayaomys_chebezi,0.23309921377058943,1.3986683318778077,-1.467210390276911,1.4698222714005533,0.4921507013520582,-1.2408794817012085,0.7537836899109173,0.12967007019652096,0.6518156422396815,-0.03646559429120308,-1.2196051706008084,0.5289386896115291,0.633887085307071,-0.4952967934575368
Abrocoma_bennettii,0.7327824557172974,0.042787159486078995,0.710959006665354,-1.626398428597099,-1.481729052645805,1.3726594161453334,0.4684541012573096,0.9528629470036688,0.010077279450743652,0.27499806665252896,-0.01179417794032603,-0.8880035399483308,0.1888524919122923,-0.38687688266040987
Abrocoma_cinerea,0.7786925156937815,0.5361271872630097,0.8833461384592051,-1.0910118291355029,-2.4135928808079097,1.98184510044916,-0.07091765693754226,1.2843784116744819,-0.9418304890099215,0.894072164527067,0.3290093668627162,-0.753921254247539,-0.007705010070572318,-0.15896490352746512
Abrothrix_hirta,-1.8040509444357105,1.0187603424477285,1.357306520013102,0.3325272740064953,-0.20480669622941125,-0.659695554676502,-1.96429505741672,0.05113353837186694,-0.11520401941415274,-0.03659763609751073,-0.6735178232688714,-0.3464643602953773,-0.4610416947881608,0.710915065802428
Abrothrix_longipilis,-1.2405682706626162,0.8109055434693933,1.243569379558002,-0.15595574507321253,-0.14165260307708777,-0.27730028028605097,-1.7204792740039458,0.008048970750372838,-0.1928939781991016,-0.1077387067136913,-0.350786591978648,-0.17181156392582464,-0.022880391426135543,0.44522180870899014
Abrothrix_olivacea,-0.6040226419285857,0.6160055186518548,0.9644682357548949,0.06547157759473388,-0.11617538307341757,-0.6748701506705392,-1.0482590369855864,0.3910858956824503,-0.5205741929346721,0.3929786541004997,0.02026749181177192,0.2104503474196672,0.09166112072478895,-0.045942705643254776
Aconaemys_fuscus,0.9315485654430163,-2.8136412964436266,-0.6072705850653799,-1.907549386321714,2.2329435213939584,0.6173238333495138,1.1319770271036893,0.31049714613955776,-1.3242762143704276,-0.6814606165728302,-0.956025716373433,-0.613482915939365,-0.056935098444379724,2.0769379148267366
Aconaemys_porteri,1.151460505415246,-2.932144135164345,-0.7330017013468174,-1.9460286374087579,2.539451966514132,0.3259897705198419,1.358865218590126,0.17051238430977342,-1.014310988015061,-0.48286527647871413,-0.8102986119459168,-0.5365671331845117,-0.001818352930847209,1.626149759554903
Aconaemys_sagei,1.3673379222695419,-2.5733673214605037,-0.7755155995818965,-1.6958419481822138,1.893602200654212,0.5838462394452117,1.4423266266178927,0.3561987693295174,-1.058507381316831,-0.560079858772269,-1.1573178718502015,-0.6829590865870852,0.07192658958582142,1.8002992445234665
Andinomys_edax,1.1955581278042422,-1.2557721579827306,-0.40699042670141367,-0.7509357876046517,1.342863142113574,1.1353716221072196,-0.5015150905176878,0.14239686891126632,0.06684202748328666,0.4379593492412798,-0.06731009395491555,-0.7662184169285458,-0.06335958044613015,-0.11520828014150775
Auliscomys_boliviensis,0.13503791855211722,-0.5655967961689223,0.0875158437711629,-0.05428590285038083,0.17710195614168478,0.7763998931572609,-0.6264800802663582,-0.3044195360962115,-0.6625686629339055,0.7621958677940097,0.3480321397047109,-0.7721527610850217,-0.04602942074324445,0.30582206107178367
Auliscomys_sublimis,0.2201197678930309,-0.03275431713926827,0.04754504213090349,-0.21568316237661544,0.05504014912935621,0.6146523925229312,-0.49261398498626374,1.9279174103027354,-1.1644219565141924,1.1741898407452398,0.43397913470614763,-0.5176774417677494,-0.2418700142999081,-0.387329414343626
Brucepattersonius_iheringi,-0.7904664968972788,0.6804081651756942,1.6296194530309915,-0.17978081187832637,-1.143071160356127,0.5582720342362766,-1.9054701757679628,0.05732038254509019,-0.04300199058545649,0.22533486140022507,-1.8924993916170445,-0.3880260162619608,-0.1773172339780766,0.9048005657195529
Calomys_laucha,0.31197074553799564,0.9299209332755806,0.4987238179268456,0.43268765265609344,-1.2670924227944407,0.26470463285439727,-0.5298219058196216,0.16067196950252838,0.3483389691064662,0.36652902031271184,-0.8179249127872215,0.23287287752613625,-0.06360135416696445,-0.2635357543411778
Calomys_musculinus,0.7268320192311866,0.6069667850546856,0.3521269787944274,0.6022105601480661,-1.004132638682284,-0.355834848232184,0.029381448633809027,1.0467606757220833,0.47475855599559347,0.8699448435216802,-1.1491533045894295,-0.1129747547839173,0.16343541847069562,-0.8906220867962498
Ctenomys_fulvus,1.307051333675017,-2.7897967205453362,-1.4627312155193062,-1.2144584829489251,2.583186022089526,-0.13636803203682146,2.123315054080535,0.8002375941626514,-0.8307020016823097,-3.746595728058887,-1.2856057718851377,0.4259315357516811,0.7336399521514182,2.838407796618691
Ctenomys_magellanicus,1.9921599102724767,-2.3370137607002417,-1.0693135359364163,-1.5080111367155282,2.15665858650496,-0.11586423718385788,1.9376061797790445,1.0884693526110234,-0.7549886359155873,-4.338282645044913,-1.0604621515906831,0.6019711658725954,1.1057979367632482,2.7043261191339316
Ctenomys_maulinus,1.3016620766497806,-2.7137931276182146,-0.9882962048198028,-1.8210842551743205,2.7165044444218434,-0.24847690678405615,1.8325939082972242,0.5535407754200253,-0.8967809549709476,-3.6801207529687723,-1.5923227037879635,-0.05924094171831305,1.1744796081345832,3.0143193526950367
Ctenomys_sericeus,1.924757097901482,-2.3678038683608134,-1.1638617338204442,-1.369490267537448,1.917227974005688,0.1706338316226877,1.970050928763997,1.086082148910093,-0.7128381423284073,-3.746473077305994,-1.2238898630749933,0.6210511243076295,0.8477509565243682,2.4911993612702052
Delomys_dorsalis,0.7476318940793265,0.3756989074990143,1.242504593859462,-0.45047727172988106,-0.4535533967764175,-0.8643464370106332,-0.39800176337113957,0.26900730770880704,0.4589147801387414,0.4345369068495733,-0.1587938950612593,-0.3302557797520325,-0.2716704370553616,-0.4867691594754647
Deltamys_kempi,-1.1678962761550646,1.7683779923420617,0.3529228329783279,0.012813813396117526,-0.678996368706154,0.37849522534020336,-1.1983456064681453,0.10527727283832039,0.12900469886953808,-0.18366067668676192,-2.19901907730137,0.0379533276454742,0.44190047495661205,0.7200690565329463
Dolichotis_salinicola,-1.1678962761550646,0.08612542150549285,0.523915077275376,-0.14862984144364214,-1.7324860346444968,2.0224723459610785,-0.7370942569793602,2.4735081184737253,-4.590270961409627,1.5922766472230276,0.5804572865453301,3.712344503870184,2.172291924631385,-0.19257553495887778
Eligmodontia_moreni,0.43065284535780907,-0.04744172419496,0.6073178417137747,0.516040813998618,-1.2157903499729554,0.25615654476972943,-0.2157927934772652,-0.05015760791445992,-0.1562815264450273,0.7100200517688986,-0.07797239177847923,0.5399407090409262,-0.20184294660634708,-0.29948789393696784
Eligmodontia_puerulus,0.6110799765627039,0.14365208038098473,0.8223961768924948,0.27356698320528633,-1.0885401389776164,0.19210460164685322,-0.5200188079868087,-0.48998927829055783,0.047088988800245625,0.5832068839983264,0.47383323961282015,0.5329626359931313,-0.5467914409256995,-0.3125329193862434
Eligmodontia_typus,0.7550423811690294,-0.4050667806823659,0.35919569505105914,0.2817785025580065,-1.094360899775272,0.21288004563667115,0.4368504732534899,-0.5984949672788427,0.16332256867035547,0.5078480592984834,-0.3510384641873547,0.14588951646503748,-0.38201284027075916,0.06904102607069076
Euneomys_chinchilloides,0.935857235287896,-1.3016270014027578,-0.04453389152114338,-0.3382414024976015,1.4034070571125052,-0.07558408160384379,-0.2714997570686581,0.41816556670195915,-0.2872706787817225,0.7586961370250407,0.7938176375263102,0.566492243638592,-0.02262156000826038,-0.873061107978317
Euneomys_mordax,0.9444649847620206,-1.4767061927299485,-0.36365140276595403,-0.4672994338791974,1.832151530424754,0.08951805038609764,-0.20385137275885779,0.09152643314233914,-0.40233893147068955,-0.02767427136175793,-0.0061248395388895744,-0.14597478768633942,-0.23621530400167884,0.48608902333829024
Euryoryzomys_legatus,0.9873131539375644,-0.040034286328124544,0.7211639487372414,-0.0805964098649325,-0.25095361241332553,-1.161517251854813,0.36406585623212695,0.3468214896105311,0.7350913522155126,0.673792308029845,0.2405534721337225,1.1642716440570178,-0.022339838373395298,-1.6058235965594059
Geoxus_annectens,-1.3779948504916197,1.5458348705055518,1.302971224642191,-0.39099140093708984,1.1068279897468252,-1.3170132889816466,-2.390883356449625,-0.6803787122836231,-0.7695838444350133,-0.2004963599280145,-1.465710975410256,-0.9036564243821691,-0.11136638174481328,2.0085193771666052
Geoxus_valdivianus,-1.0171806785743054,1.2654146200805565,0.7629422533266539,-0.019740737365238716,1.51544759838707,-1.2203804160347909,-2.2452864049385175,-0.17554319473235647,-1.4102412744865525,-0.9136973908618665,-1.2673491175536455,-0.7964998495485843,0.1882963727864662,2.557150654120521
Graomys_griseoflavus,0.7727890165010648,0.11933595698058505,0.7360246722192596,-0.43726979358518914,-0.5862339490392955,-0.14964065213021469,-0.04999124063174574,0.015633986597112615,0.8410100208077363,0.8484293473554356,0.11673883764708402,-0.4608935140965361,-0.5172023305644253,-0.9509979008479955
Irenomys_tarsalis,0.3960904126347205,-0.807647127789924,0.26232049958583675,-0.8753708195860744,0.6171729118446929,0.07847925873964633,0.06907266905166037,-0.5265431782642409,0.8761592612914648,0.2594436816921011,0.5308299636879155,-0.14986178375979342,0.2039524987430857,-1.0129707799060657
Juliomys_pictipes,0.5928308137701197,0.2804545120449876,-0.6207836287207682,0.45134891370156083,0.4150685630896659,-0.3776654316314316,0.2886548695103012,-0.1698174729287736,0.4164659903413887,0.05702584522091113,1.0624101151766412,-0.8157819993221456,0.2536828864789139,-0.7013921147426329
Kannabateomys_amblyonyx,0.872340361604376,-1.6131063020248346,-0.9687922607442772,-2.0238106650014873,0.39672385026088386,2.137459244656363,1.5204486956036867,1.9736009083796502,1.7243060667647525,-0.49527292561074343,1.4978779121949404,1.683947541830884,2.389916000290133,-4.200210912532693
Lagidium_moreni,-0.8977901005607712,-1.7784871731097087,0.8711832498495216,-1.3762904690560582,0.07060648943410508,1.6479726707166016,-0.6961748059888516,0.16517496305638665,-0.21091208043063248,1.3039121414337873,0.6245385811437025,-1.3153903506427889,0.18171774480108654,-0.6850740323659067
Lagidium_viscacia,-0.5056333615610537,-1.9424675356868455,0.5658845314395214,-1.080126209118516,1.2900064271901093,1.9555554055360693,-1.9044804569485934,0.6253468675315015,-0.1572647598718421,0.8314876172407336,1.0201278200466475,0.8145285791009875,0.6337890875967639,-1.5843871970661578
Lagostomus_maximus,-0.4034569232950228,-2.485507498426702,1.108719490266069,-0.7860360335616915,0.6973785249205454,0.6206331746558909,-0.7739948955279982,1.6221687740242272,-1.3618427420265464,-0.40724493465907824,0.19467240252338747,1.8457218303189136,0.6982896025467126,-0.09655884012664347
Loxodontomys_micropus,1.2814076475371814,-1.4205682596746674,0.2155526238013197,-0.6676182138278564,1.4441924206548984,-0.19875927316097672,-0.25074994264354794,0.4145756049603829,0.140382966444839,0.4349250889951696,-0.1639404798556663,0.6438149984197155,-0.04113872625613236,-0.6342256936387549
Microcavia_australis,-0.7673120252051305,-0.1942503118708731,0.034329775844260745,0.9286194214395287,-1.9653344842236753,3.1146792816108855,-1.4387900746069662,3.3947182624242855,-6.510272741387783,0.7173212028832288,1.2997174008982944,4.0325570171744385,2.6358140199061215,1.0497864473799738
Myocastor_coypus,0.424384066086558,-3.5864022084444462,-0.9627173861126156,-1.3390258787605864,1.6163102188855551,1.3184276779835116,1.6542140053060848,0.09962913809374231,-0.07734874050735804,-2.555673023797707,-1.3264796262203533,1.0927950575050631,1.475638109960977,1.2086164647025996
Necromys_lactens,-0.5648383408723349,0.5791645399250493,-0.3709709568119321,0.19393250868091372,0.5258671803894323,0.06590778972473567,-0.5555165981435148,0.09121545971712823,-0.5605269706101337,-0.06629430123201581,-2.0956116734884875,0.2636999823042381,-0.17950248994501075,1.4381209838486333
Necromys_lasiurus,-0.45979633261862335,0.4408867710078075,-0.26642741426398303,0.17389298357068317,-0.4622440893505612,1.3821386374259583,-0.7866658564999737,0.6414650964671008,-0.18330184692862447,0.31575477120873985,-1.9395862509718789,-0.023499502515831574,-0.044894800853084005,0.6065087913905721
Nectomys_squamipes,1.0495900450685067,-0.20346041432160106,-0.134966352695265,-0.23785237341855506,0.934065651627179,-0.7712279103986845,0.23500647522985002,0.31524384747619116,0.6912750009030718,-0.7515368749223894,-1.4138751134287972,0.6509643120735128,0.2386382026606122,0.07500638260490147
Neotomys_ebriosus,1.242047385054712,-2.324621363671861,-0.05090211773209896,-1.375569383292488,2.2164099436159987,-0.26727005657904274,0.46932379772811234,0.47678305182680414,-0.2324721593823365,0.5002081563049394,-0.7341969135941823,-0.467868067953183,-0.21978123248708642,0.2667737840577092
Notiomys_edwardsii,0.028578951412314032,0.3800534511113817,0.5735012178952074,1.3837014673149908,0.3628780756110397,-1.6788488710390324,-0.9368455292684151,0.7295716123797527,-1.1530773068298075,-2.6715884846366875,0.08738719126116877,-0.7353555820631058,0.4883983272365898,2.306924539302955
Octodon_bridgesi,0.7298080005464079,-1.8481073726210668,-0.0513574461574496,-1.603524521482956,0.3819609031178871,1.0189581253729982,1.0664462489979645,-0.773121271199548,-0.5146924987813223,-1.1163891599978382,-1.2512992031361518,-2.057191724034013,6.801019041716654,-0.6043281590128923
Octodon_degus,0.7104367720258952,-1.633850946232582,-0.18489954233937872,-1.2686751295171486,-0.044679837437343696,1.2698036006575566,1.0835075408979737,-0.24021958006400243,-0.2805756962447064,0.17928807903011074,0.06829804620749008,-0.19092476070046657,-0.026769656322004082,0.26225518536251663
Octodon_lunatus,0.45410060989866735,-2.0016835075932,-0.13123077802317124,-1.588271019475125,0.14216189317777922,1.570001833730583,1.0062524615506852,-0.4122990550321702,-0.0651009627893337,0.09882888131676955,0.12393495337040573,0.19463938003340778,0.08902929247127364,0.006156704185129117
Octodon_ricardojeda,0.4836656803952423,-2.2712500564296607,-0.25102704411729276,-1.5247434602580663,0.7267777862022156,1.0772260881437703,1.1355726749801034,0.5762411649384279,-0.03690254904496196,-0.5347507772354165,-0.197853855182721,-0.1961731619293776,0.3275076334032577,0.12803749698753925
Oxymycterus_rufus,-2.177312029504775,1.493528090907417,1.3235771225014896,-0.30721582718205537,-0.8888646899890065,0.41618429129724843,-1.9856279735411166,0.7192899788538911,-0.4139171260817535,-0.16739290802614631,-3.0722197066102717,-0.7855461359387287,-0.07427467901872441,1.7996220042807678
Paynomys_macronyx,-0.19736426435483198,-0.2102675241041877,0.025224118694800297,-0.051048848036309685,0.8473527047974545,-0.09469092179046856,-0.6472430807820119,-0.1342219298543021,-1.1956455764681473,-0.5830195577666835,-1.0201890967615614,-0.9868787304271766,-0.16129134631854572,2.2541093754726664
Phyllotis_darwini,0.16954827296762126,0.00600262063346719,0.7148929416606996,-0.424075357041484,-0.13013181850883923,-0.31703497287668936,-0.2755104018707129,-4.044354812205249,1.454045108650048,1.4604381820271095,0.5214915029688283,0.31414142311492327,-0.12915385650999292,-0.866627853634434
Reithrodon_auritus,0.19733561278569345,-1.2077137411565544,0.8402399939575665,-0.7303838839912439,-0.3692466626199931,0.4516504648696167,0.0443959574724281,0.2533890518058652,-0.46150084030892785,0.6671293575218294,0.08734292422451245,0.5879271345029706,-0.6799162522568046,0.0123412574293531
Scapteromys_aquaticus,-0.5741439540606156,0.8068063400241858,0.35221496197196306,-0.4826500200295808,0.4997185467062155,-0.2965710531358359,-0.8470936701628351,0.22804755467862423,0.08692371411141225,-0.3365093619066625,-2.4057756515870117,-0.6217349434012747,-0.2664143120381639,1.403677975814448
Spalacopus_cyanus,0.7831162002525289,-1.7948875109654174,-0.8421846685623512,-0.5211318526132916,1.1302434020227703,0.20985390106593388,1.3020379885568734,0.5372956988826431,-1.8043173956370882,-1.7613771847534725,-0.8180180704306292,-0.20624032082068203,1.557593534433109,2.1528980851391295
Tapecomys_wolffsohni,0.6699963083128445,-0.45604324477432395,0.130898824509665,-0.5701427460359009,0.03247843391047367,0.19908958681701663,0.3018485138308326,-0.09071106766472072,0.44856726300537825,0.7322121993953904,-0.32739912642077,-0.5277996724849932,-0.24511938596007832,-0.40563464173122166
Tympanoctomys_barrerae,0.4774539663277795,-1.0302206541285146,-0.042042802527043815,-1.2757601470129125,1.9790181026208147,-1.1835289053398574,0.6838525620702047,-0.16767306629178577,0.007143204254448018,-1.0581114384847436,1.070475096820261,-0.17079947575632548,-0.2883088894956569,0.4149217301152074
