new_sp,LT,HB,T,E,HF,FF,Um,Vib,W,CBL,LR,LMT,ZB,BIT,HRa,HMC,ALM,LRa,ACP
Abrawayaomys chebezi,253,120,133,17,29,12.4,0.98,29,NA,27.68,6.08,3.91,16.71,1.81,8.94,4.6,13.64,9.79,35.79
Abrocoma bennetti,384.5,227.625,156.875,30.125,37.625,17.715,1.655,61.875,257.5,49.25222222222222,18.40111111111111,10.706666666666667,24.066666666666666,2.7275,15.486666666666666,8.78111111111111,36.0125,14.731111111111112,39.00555555555555
Abrocoma cinerea,251,178,73,27,28,12.31,1.37,49,110,44.88,16.66,10.11,22.28,2.1,13.26,7.14,31.87,12.94,39.32
Abrothrix hirta,223,125,98,18,27,9.98,1.99,35,47.5,27.29,10.68,4.27,15.1,1.67,6.37,3.22,13.28,7.56,25.19
Abrothrix longipilis,206.4375,117.125,89.3125,16.625,26.1875,10.529375,1.6275,35.75,42.45625,26.924615384615386,10.484666666666667,4.486666666666666,14.396153846153846,1.692,5.826666666666667,3.3386666666666667,13.494,7.449333333333334,27.763333333333332
Abrothrix olivacea,156.13333333333333,97.4,58.733333333333334,15.066666666666666,21.266666666666666,8.322,0.9566666666666667,30,23.033333333333335,22.495,8.426363636363636,3.6272727272727274,12.511,1.4372727272727273,5.241818181818182,3.111818181818182,10.97181818181818,6.494545454545455,30.983636363636364
Aconaemys fuscus,235.9,166.2,69.7,18.3,32.7,13.906,5.242,41.2,121.3,38.87875,14.17125,9.695,23.24375,4.546250000000001,12.8325,9.557500000000001,27.72125,11.68,40.3725
Aconaemys porteri,246.34782608695653,164.2391304347826,82.1086956521739,19.891304347826086,33.65217391304348,14.349565217391305,4.177391304347826,43.41304347826087,123.13636363636364,38.93153846153846,13.97875,9.4575,23.39875,4.8,13.606875,9.97,29.69125,11.785625,41.92875
Aconaemys sagei,241.72727272727272,164.32727272727274,77.4,18.663636363636364,31.7,14.066363636363636,4.416363636363636,38.45454545454545,125.45454545454545,37.632,13.024545454545455,9.167272727272728,22.54909090909091,4.124545454545454,12.387272727272727,9.469090909090909,28.101,10.952727272727273,43.52
Andinomys edax,244.5,133,111.5,22,26.5,11.510000000000002,1.3250000000000002,42.25,59.7,29.715,9.925,6.975,17.665,2.715,9.34,5.154999999999999,17.655,8.3,42.25
Auliscomys boliviensis,223,135,88,27.3,29.5,12.88,1.86,52,51,26.995,9.391666666666666,5.73,16.314,1.9833333333333334,7.951666666666666,4.35,15.456666666666667,8.05,35.19
Auliscomys sublimis,209,158,51,23,22.5,9.01,0.94,39,42,27.8,9.19,5.54,15.82,1.92,7.59,4.37,15.77,8.17,35.71
Brucepattersonius iheringi,190.71428571428572,105.35714285714286,85.35714285714286,16.52857142857143,22.585714285714285,9.015,1.8571428571428572,22,34.75,24.46,10.374,4.566666666666666,13.186,1.3466666666666667,5.266666666666667,2.9883333333333333,13.056666666666667,6.748333333333333,30.003333333333334
Calomys laucha,170,87,83,14,20,7.5,0.8,23,NA,21.63,7.22,3.82,12.18,1.15,5.63,3.13,11.71,5.95,36.28
Calomys musculinus,172.4,93.6,78.8,14.8,17,7.1,0.514,19,26.1,21.19666666666667,7.056666666666667,3.56,12.47,1.1966666666666665,5.3533333333333335,3.4,10.69,5.8933333333333335,38.973333333333336
Ctenomys fulvus,317.39285714285717,214.72142857142856,102.67142857142858,7.714285714285714,44.43571428571428,19.78125,9.22125,44.411764705882355,346.25,51.77764705882353,15.955294117647059,11.748235294117647,33.18764705882353,6.347058823529411,19.747647058823528,14.555882352941177,43.12882352941177,16.52294117647059,43.06823529411765
Ctenomys magellanicus,264,180,84,5,36,17.14,6.77,37,170,42.72,13.7,9.37,25.61,4.76,14.95,11.29,33.62,12.63,48.47
Ctenomys maulinus,308,207,101,8,42,22.419999999999998,10.29,41.875,300.25,50.9775,17.1175,11.3425,30.5,6.3325,16.9025,13.6875,40.6525,14.615,43.0275
Ctenomys sericeus,254.41666666666666,172.33333333333334,82.08333333333333,5.833333333333333,34.583333333333336,15.391666666666667,5.7825,34.083333333333336,155.25,40.17272727272727,12.684444444444445,9.146363636363636,24.490909090909092,4.340909090909091,13.502727272727272,10.694545454545455,32.00727272727273,12.846363636363636,47.906363636363636
Delomys dorsalis,258.75,130.5,128.25,21,27,10.440000000000001,1.0374999999999999,39.5,NA,28.747500000000002,11.59,4.62,15.445,1.795,7.335,4.43,14.89,7.8825,39.1075
Deltamys kempi,165.5,88.5,77,12,20,8.76,1.395,17,19,23.185000000000002,7.029999999999999,3.885,11.675,1.25,4.875,2.8550000000000004,11.165,5.975,28.11
Dolichotis salinicola,435.5,412,23.5,61.5,97.5,38.39,2.4299999999999997,94,1440,73.865,26.52,17.34,41.925,3.935,21.67,11.120000000000001,58.14,19.36,28.115000000000002
Eligmodontia moreni,170.5,95.5,75,18,24,8.315,0.895,31.5,NA,19.33,7.13,3.69,11.88,1.12,5.16,3.16,10.66,5.55,37.03
Eligmodontia puerulus,165.2,84.82,80.38,16.8,23.34,7.416,0.866,35,67.5,21.176666666666666,8.0225,3.9525,12.5,1.2275,5.529999999999999,3.2725,11.155,5.97,38.2
Eligmodontia typus,168,83,85,16.4,22.066666666666666,7.737500000000001,1.0675000000000001,28.75,NA,19.29,6.98,3.77,11.91,1.17,5.16,3.55,10.19,5.73,39.16
Euneomys chinchilloides,197,118,79,20.5,27,9.74,0.74,43.5,46.5,27.525,9.905000000000001,5.585,17.130000000000003,2.54,8.93,4.945,16.46,8.575,40.400000000000006
Euneomys mordax,247.33333333333334,147.33333333333334,100,21.1,32.5,12.34,2.0566666666666666,48,100.33333333333333,31.4,10.766666666666667,6.593333333333334,19.55666666666667,3.1166666666666667,9.24,5.773333333333333,18.16,8.773333333333333,40.45666666666667
Euryoryzomys legatus,294.25,140,154.25,24,35.5,11.7275,0.595,45.875,78.625,31.7075,11.945,5.0775,18.3075,2.1025,8.935,5.6125,17.675,9.745,40.765
Geoxus annectens,200.72727272727272,120.18181818181819,80.54545454545455,19.09090909090909,27.863636363636363,12.1975,4.49,32.416666666666664,47.554545454545455,28.13142857142857,10.435,3.89,13.843333333333334,1.9828571428571429,5.91125,2.9975,14.36125,8.5175,27.11
Geoxus valdivianus,152.5,105.4888888888889,47.01111111111111,11.9,22.36111111111111,10.386666666666667,4.769444444444445,26.86111111111111,34.97222222222222,24.796666666666667,8.485,3.551111111111111,12.97,1.894,5.7010000000000005,2.759,11.998999999999999,7.777,28.85
Graomys griseoflavus,294.74285714285713,131.5142857142857,163.22857142857143,25.6,28.142857142857142,10.43375,0.86375,44.833333333333336,78,31.095,11.595,5.57,17.081666666666667,1.9383333333333335,9.155,5.131666666666667,16.023333333333333,9.385,39.285000000000004
Irenomys tarsalis,286.25,118.625,167.625,21.2625,29.75,12.61875,0.83875,50,44.875,28.053333333333335,10.285,5.573333333333333,15.868333333333334,2.2266666666666666,7.818333333333333,5.071666666666667,14.155,8.09,36.80666666666667
Juliomys pictipes,185,90,95,14,19,9,0.7,40,22,22.74,6.44,3.91,13.52,1.61,6.12,3.88,10.79,7.31,38.08
Kannabateomys amblyonyx,568.8666666666667,252.53333333333333,316.3333333333333,20.908,49.233333333333334,27.576666666666668,0.18933333333333333,79.66666666666667,443.75,55.183571428571426,17.019285714285715,15.075000000000001,29.582857142857144,4.5407142857142855,17.551666666666666,12.992142857142857,33.755833333333335,14.398333333333333,39.964285714285715
Lagidium moreni,710,410,300,90,75,37.55,3,153,NA,79.445,35.459999999999994,20.7,46.144999999999996,6.33,26.37,13.98,62.175,23.46,29.45
Lagidium viscacia,740,440,300,75,100,41,1.8,164,NA,76.72,32.71,21.04,46.57,7.34,24.24,11.59,62.21,21.9,31.51
Lagostomus maximus,768.3333333333334,585,183.33333333333334,53.666666666666664,125.66666666666667,45,4.336666666666667,145.33333333333334,6310,125.48,62.093333333333334,30.503333333333334,82.04,11.553333333333333,43.696666666666665,23.13,101.62,34.96,32.07
Loxodontomys micropus,231.99375,127.4625,104.53125,19.9,29.525,10.47625,0.913125,37.375,54.7,28.172,10.756363636363636,5.680909090909091,17.11,2.6363636363636362,8.307272727272727,5.119090909090909,15.534545454545455,8.224545454545455,42.88181818181818
Microcavia australis,232.33333333333334,228,4.333333333333333,21,46.666666666666664,19.69,2.1666666666666665,51,288,46.19,15.433333333333334,12.693333333333333,29.976666666666667,2.4433333333333334,14.046666666666667,6.46,35.11333333333333,12.06,NA
Myocastor coypus,725,405,320,25,107,52,8.35,96,NA,97.095,35.1625,28.11,65.515,11.0975,31.975,27.305,87.45750000000001,22.5225,36.99
Necromys lactens,186.85714285714286,114.64285714285714,72.21428571428571,16.214285714285715,26.857142857142858,9.739285714285714,2.6835714285714287,22.642857142857142,41.357142857142854,27.644000000000002,8.02,4.9030000000000005,15.622,1.941,6.7989999999999995,4.102,14.529,7.772,31.191
Necromys lasiurus,192.19230769230768,115,77.1923076923077,16.462962962962962,23.025925925925925,9.006296296296297,1.5281481481481483,21.01851851851852,45.01851851851852,27.32,8.18142857142857,5.76,15.584285714285715,1.685,6.877142857142857,3.974285714285714,14.592857142857143,7.877857142857143,31.765
Nectomys squamipes,433.3125,207.6875,225.625,22.325,49.15625,18.7,2.225,46.09375,232.5,41.44916666666667,13.409285714285714,7.055,23.855,3.28,12.466923076923077,7.303571428571429,22.134615384615383,11.60923076923077,41.19846153846154
Neotomys ebriosus,191.85714285714286,114.28571428571429,77.57142857142857,18,22.185714285714287,8.865714285714287,1.3114285714285714,28.857142857142858,NA,26.554,10.36,5.71,16.118000000000002,2.976,9.52,5.728,17.523333333333333,8.658,42.586
Notiomys edwardsii,136,96,40,5,17,8.44,3.14,28,NA,22.23,7.87,3.23,14.44,1.55,5.13,3.18,11.73,6.88,34.55
Octodon bridgesi,346.73333333333335,195.8,150.93333333333334,23.39375,39.0625,114.514375,1.815625,56.6875,173.75,40.994166666666665,15.388,9.939333333333334,23.394285714285715,3.4273333333333333,13.163333333333334,9.238,27.996666666666666,12.344,38.98533333333333
Octodon degus,280,158.15384615384616,121.84615384615384,26,37.142857142857146,14.955714285714286,2.0957142857142856,56.214285714285715,159.46428571428572,38.321333333333335,13.78357142857143,9.415333333333333,22.247857142857143,2.9692857142857143,12.178125,8.511875,26.154374999999998,11.840625,38.86125
Octodon lunatus,287.6666666666667,152.66666666666666,135,25.333333333333332,39.333333333333336,15.406666666666666,1.8333333333333333,57,145.33333333333334,39.540000000000006,14.8,10.395,22.875,3.245,12.665,8.945,26.855,12.07,37.18
Octodon ricardojeda,332,192,140,21,38,16.74,2,54,172,39.41,14.73,9.96,23.46,3.58,13.04,9.28,30.52,12.27,37.37
Oxymycterus rufus,237.61904761904762,149.23809523809524,88.38095238095238,17.904761904761905,26.285714285714285,11.423809523809524,3.7176190476190474,20.461904761904762,85.15789473684211,31.002857142857142,11.600714285714286,5.331428571428572,15.447857142857142,1.6628571428571428,6.164285714285715,3.513571428571429,15.792857142857143,8.629285714285714,23.622857142857143
Paynomys macronyx,193.23809523809524,129.78095238095239,63.457142857142856,16.195238095238096,26.51904761904762,11.610952380952382,4.935238095238096,34.76190476190476,70.36190476190477,29.525833333333335,9.864615384615385,5.472307692307693,17.335384615384616,2.3084615384615383,7.8,4.613846153846154,15.563636363636364,8.613846153846154,33.230000000000004
Phyllotis darwini,253.125,52,201.125,28.933333333333334,29.083333333333332,10.598181818181818,0.8283333333333334,45.54545454545455,71.625,29.364166666666666,11.0075,5.203333333333333,16.2975,1.9741666666666666,8.651666666666667,4.744166666666667,14.3925,8.341666666666667,35.40083333333333
Reithrodon auritus,241,147.125,93.875,25.657894736842106,34.94736842105263,10.662666666666667,1.5438888888888889,47.388888888888886,99.73684210526316,33.1064705882353,14.028235294117646,7.114117647058824,19.638823529411766,2.3688235294117646,9.716666666666667,6.158823529411765,19.53333333333333,9.50470588235294,35.57470588235294
Scapteromys aquaticus,324.375,177.125,147.25,22.25,35.4125,14.312857142857142,3.95125,31.5625,175,38.45,12.603333333333333,6.4,19.892,2.645,9.081666666666667,5.378333333333334,19.926000000000002,10.231666666666667,31.145
Spalacopus cyanus,189.83333333333334,143.94583333333333,45.8875,10.56,28.68,17.219545454545454,4.513333333333334,35.18,94.46,36.875,11.832380952380952,8.061,23.440952380952382,3.4135,11.35,8.549523809523809,25.206666666666667,11.5595,39.34619047619048
Tapecomys wolffsohni,265.5,129.25,136.25,24.75,28,11.225000000000001,1.16,40.5,72,30.323333333333334,10.540000000000001,5.9399999999999995,17.213333333333335,2.1566666666666667,8.6033333333333335,5.5,16.96666666666667,8.156666666666666,38.59
Tympanoctomys barrerae,283,151.375,131.625,16.25,35.125,13.21375,2.151875,67.375,101.0625,34.96333333333333,12.30888888888889,6.054444444444444,19.31875,3.4244444444444446,10.15,6.998888888888889,20.923333333333332,10.573333333333334,37.32888888888889
